,Date,Title
0,20210101,팔아서 후회중
1,20210101,떡국나눔행사 개최
2,20210102,올해도 결국 실적뽑네 이노무 회사 ㅋㅋㅋ
3,20210102,긴급 레버리지배배 고수익 재테크 실체
4,20210104,인플레 수혜주라서
6,20210104,엉덩이 너무 무거운거 아닙니까
7,20210104,은값 오르는데 왜 흐르냐 ㅋㅋㅋ
8,20210104,분기실적이
9,20210104,개월만에 포기
10,20210104,주가지수포인트 확실하다
11,20210104,솔찍히 환율때매 수출이 안좋아진다
12,20210104,얘기가 맞나 모르겠는데
13,20210104,금은아연납구리 죄다 폭등중인데
14,20210104,대단한놈임
15,20210104,한솔제지 고려아연
16,20210104,축하합니다
17,20210105,월일 시 원재 값이 많이 오르네요
18,20210105,Good morning
19,20210105,원재 추세는 길지
20,20210105,얼마보시나요
21,20210105,얘 갑기 왜이럼
23,20210105,오랜  침묵을  깨고
24,20210105,갑기 세력 들어왔네요
25,20210105,역시 갈 타이밍이었어 ㅋㅋ
26,20210105,내눈이 똥눈은 아닌듯
27,20210105,아는 종목에 투하는 것이 제일 안전하다는
28,20210105,토론방 진짜 웃기네
29,20210105,이것도 철도테마주아닌가
30,20210105,늦었다싶었는데
32,20210105,에 들어온 사람인데
33,20210105,원재는 한번 상승하면 추세가 년
34,20210105,아연이 오늘 상한가 갔네
35,20210105,팔고나면  후회  하고
36,20210105,배당도 챙겼고 익절하고 갑니다
37,20210105,영풍정밀 관계사 저가매수기회
38,20210105,층에 사서 오래 기다렸다 
39,20210105,토론방에 그분 기억하시는 분
40,20210105,아연아  아연아 아연아
41,20210105,프로 수익실현완료
42,20210105,고려아연 감사
43,20210105,사람마음 참 간사해요 
44,20210105,왜 오른지 알면 안 팔텐데
45,20210105,이런게 너무좋지 신용등급 A 짜리라
46,20210105,매도 금지 긴급발동
47,20210105,원재 상승 폐기물 처리장
48,20210105,내 주식 돌리도
49,20210105,전량매도
50,20210105,억 에 팔았는데
52,20210105,아싸아
53,20210105,오  예
54,20210105,기다린 보람이 ㅜㅜ
55,20210105,빠져나갑니다 여러분
56,20210105,아연이 돌았니 
57,20210105,영풍정밀 관계사 저가매수기회 
58,20210105,수익내고 나갑니다
59,20210105,아연이 우리 아연이 우쭈쭈
60,20210105,머선
61,20210105,아 나갈까말까 고민  더오를거 같은데
62,20210105,궁딩이 팡팡 아연이
63,20210105,아연이 미친거니 외인이 미친거니
64,20210105,목표가 만원
65,20210105,오늘 분위기 별로예요
66,20210105,달러약세 현물가격인상에 대하여
67,20210105,금은 폭등 폐기물 대참사
68,20210105,과거   영광   재현
69,20210105,후주린이 어제 매도했는데
70,20210105,악 그만올라
71,20210105,손가락 르고싶다ㅋㅋ 아오 시바
72,20210105,아까 글썼던 사람입니다
73,20210105,고생했습니다
74,20210105,큰손 들어오네
75,20210105,세상에
76,20210105,삼성전 지원 폐증 조현병 치매 치료 실마리 네이처 게재
77,20210105,신용미수전재산몰빵 상가 집산다 
78,20210105,Good
79,20210105,쉽게 생각하는 투 아이디어
80,20210105,시작된  랠리
81,20210105,붙들고 있으면 큰수익 줄듯
82,20210105,그랜저 뽑앗다는 놈 웃기네ㅋㅋ
83,20210105,와 쥑이네ㅋㅋㅋ
84,20210105,아연 관련주들 폭등 임박
85,20210105,설마 차 VI 발동까지는 아니겠지
86,20210105,액면분할
87,20210105,왜 올라요 
88,20210105,매도가
89,20210105,아연아 왜그래 오빠 무섭다
90,20210105,오늘은 
91,20210105,영풍물량싸그리고려로
92,20210105,커걱 내 인생에
93,20210105,기나긴   겨울잠에서   깨어난  사
94,20210105,오늘 고아vi걸렸나요
95,20210105,아직 기회비용에 부족
96,20210105,아연시장독식하던영풍
97,20210105,살다살다 고려아연이 프로 폭등하는 날도 있네요
98,20210105,머선일이고
99,20210105,종합지수     이  코  앞에
100,20210105,아
101,20210105,마무리
102,20210105,팔아야할까요
103,20210105,형님들
104,20210105,이제 갈때죠  봅니다
105,20210105,
106,20210105,헐
107,20210105,엉덩이 무거운 애들 점프
108,20210105,배당도 줘놓고 수익도 주네요
109,20210105,고려아연 삼성에디에 진짜 개월의 한 풀어줬다
111,20210105,어제 에서 은얘기하길래 샀는데
112,20210105,아 화끈한시끼
113,20210105,어제 시즘 시외로 주산넘 여기있지
114,20210105,바이든시대
115,20210105,왜
116,20210105,오늘
117,20210105,드디어  발동  걸어
118,20210105,원화의 저주한국인의 눈물
119,20210105,잘벌어야지
120,20210105,ㄷㄷ드디어마음에드는거하나더찾앗네
121,20210106,금은아연 원재 가격 폭등 중
122,20210106,낼 신고가 나오면 홀딩 
123,20210106,장기투로 복리효과 기업발굴하기
124,20210106,이야
125,20210106,금 은 구리 원재 상승중ㆍㆍㆍ
126,20210106,영풍 석포제련소
127,20210106,은 아연 폭등중
129,20210106,왈왈잡주
130,20210106,비정상의 정상화
131,20210106,오 기관 우주방어
132,20210106,다시 들어왔습니다
133,20210106,오늘부터 매집 시작합니다
134,20210106,이 무거운 놈을
135,20210106,어제 기관이 천억 순매수
136,20210106,고려아연 내일도 달려보세
138,20210106,고려아연
139,20210106,내일은
140,20210106,조지아주 민주당 석 승리 석 유력
141,20210106,금값 폭락 보소
142,20210107,지금사두될까요
143,20210107,켐코
144,20210107,차전지 수혜주입니다
145,20210107,차전지
146,20210107,수급만 받쳐주면
147,20210107,주담 좀보세요
148,20210107,년 맥카이저 금 달러 은 달러훨씬이상
149,20210107,일봉이 옆으로 기는거보면 나쁘지않은듯
150,20210107,올라갓다 쭉 빼고
151,20210107,이런 활황장에 조정이라니
152,20210107,오늘도 금은아연 폭등중이네
153,20210107, 들어갔더니 쭉빠지기있기없기
154,20210107,지금 들어가도 될까요
155,20210107,유안타 증권 애널써킹이
156,20210108,수소사업진출
157,20210108,유안타  어제 리포트 나왔는데 목표가 하향 ㅠㅠ
158,20210108,전기차 그린딜로 돈이 몰리다보니 지지부진
159,20210108,어여 올라타
160,20210108,하 오늘 불장인데
161,20210108,거꾸로 가는 주식
162,20210108,현대차 매수하려고 에 매도한 주린이
163,20210108,오늘은 보합으로 끝날까요
164,20210108,고려아연도 회사가
165,20210108,쥐약 먹었네
166,20210108,추매하고 싶은데 돈이 없내요
167,20210108,K타 고려아연 생각
168,20210108,종가가 오늘 최저치
169,20210108,공매도 월 재개반대 및 공매도 폐지 국민청원입니다
170,20210108,생산폼목
172,20210108,전기차 기대는 시기상조
173,20210108,월욜 갭락 나오겠네요 금은 급락
174,20210109,금 은 아연 갑기 왜급락
175,20210109,TC 인상  LME 상승
176,20210109,잭팟
177,20210109,액면분할부터합시다
178,20210111,ㅠㅠ
179,20210111,징그럽다
180,20210111,시원하게 
181,20210111,이거 산사람 일단 엘리엇 파동 모르면 투 하지 마세여
182,20210112,친구 추천 받고 왔습니다
183,20210111,워워머그리 빨리 제리로 가
184,20210111,다시 제리로 가네
185,20210111,개관
186,20210111,요즘 사이클이 너무 심하게 빠르네
188,20210111,와
189,20210111,신난다
190,20210111,아니 얘를 굳이 이렇게 빼야되나
191,20210111,오빠들 아직 빼지마
192,20210111,외인하고 기관이 사는데
193,20210111,리하이
194,20210111,대주주 지분 증가 굿
195,20210111,목표주가 전망은 이 넘네
196,20210111,고배당주 인건 다들 아시죠
197,20210111,이제 오를때가 됐다
198,20210112,요리힘들때 영양간편식
199,20210112,오늘도 떨어지냐
200,20210112,찐찐아연 ㅋㅋㅋ
201,20210112,지수가
202,20210112,애는 올라오는 걸 모르나보네
203,20210112,뭔일 있나요
204,20210112,조정 치고는 낙폭이 심하네
205,20210112,영풍조업중지명령
206,20210112,키움패치 써 보세요
207,20210112,모비 팔고아연이 짜 기다리는 
208,20210112,여기는 호구들만 모여있나 보네
209,20210112,주식을 못하면 인정하고 접을줄도 알아야지
210,20210112,연말연초 삼전 엘전 현대차 등등 대형주들 천장뚫고 있는데
211,20210112,재진입
212,20210112,이제 공매도 조정장 진입이다
213,20210112,이 주식은 영풍 리크 때문에 못간다
214,20210112,년동안 이가격이었다 물가는 올랐는데
215,20210113,안티들아
216,20210113,만에서 놀
217,20210113,환경오염 주범ㆍ하청노동 억압ㆍ고려아연 
218,20210113,답답하긴함
220,20210113,아침에 올렷다가 내려가고
221,20210113,포코는 오르는데 왜 내리냐
222,20210113,오 잡주 웬일
224,20210113,고수님들
225,20210113,이래서  오래  가겠냐  액분하장
226,20210113,낼 떡상 느낌 강하게 오누
227,20210113,아연이는 대사서  대 팔아라
228,20210114,가즈아 호재 
229,20210114,Clsa 저넘 미쳤나
230,20210114,에 못판걸 후회
231,20210114,이런
232,20210114,추매
233,20210114,외인 매도 무쟈게 하내요
234,20210114,오늘은
235,20210114,누구를 위한 역주행 투 삼성이 본사 사옥까지 팔아서 조를 대기중인 이유 알아야
236,20210115,한국에서는 환경오염시키고 호주에서는 친환경
237,20210115,정도는 오겟지하고
238,20210115,이제 내말 믿겠나 이 호구들아
239,20210115,에 추매 하고 싶었는데
240,20210115,ㅋㅋㅋ징하네
241,20210115,그만 작업해라
242,20210115,무증 좀 하
243,20210115,배당잘주고 성장모멘텀있으면
244,20210115, 개미들 추매 타이밍옴 ㅋㅋㅋ
245,20210115,이럴때 올라주라
246,20210115,손절하고 나갑니다
247,20210115,세진 땅 잘샀네 
248,20210115,끝물이다
249,20210115,안녕하세요
250,20210115,손절
251,20210115,고아
252,20210115,초반 가즈아 
254,20210116,하이라이트
255,20210116,공매도 폐지 청원입니다
256,20210117,주가조작 기관과 외국계증권사의 이익을 대변하는 금융위원회를 해체하라
257,20210117,주식시장은
258,20210118,개쩐다ㅋㅋㅋㅋ
259,20210118,금요일  매수 오늘매수할껄 ㅜㅜ
260,20210118,굿
261,20210118,하
262,20210118,층입니다 ㅠㅠ 
264,20210118,그나마 연기금은 계속사네
265,20210119,공매도폐지 국민청원 꼭 동참해 주세요 현재 명 넘었어요
266,20210119,수고
267,20210119,사마 물리다니
269,20210119,원재가
270,20210119,고려아연은
271,20210119,이번엔 얼마까지 올라갈까요
272,20210119,주가 움직임이
273,20210119,느낌이 좋다
274,20210119,전기차든 배터리든
275,20210119,주식은 귀신도 모른다
276,20210120,이거 사고 싶어서 보고 있는데
277,20210120,지니틱 필룩로 
278,20210120,만원 언제되니
279,20210120,개OOO회사
280,20210120,담달 발전소 완공한다는데
281,20210120,돈은 최씨일가가 벌고 수익은 장씨일가가 가져가고
283,20210120,만 주민입니다
284,20210120,이주식의 장점 단점
285,20210120,기관들 물량
286,20210120,낼기대됨
287,20210121,금값폭등중
288,20210121,외국인 좀 심한거 아닌가
289,20210121,그지 같은 회사 ㅋㅋ  카악 
290,20210121,평생 짤짜리나 하고살어
293,20210121,최성민의 빅샷에서 추천중 ㅋㅋㅋㅋㅋㅋㅋ
295,20210121,뜬금없이 오르네
296,20210121,바닥정리는
297,20210121,화펴가치가 털어져요 아주많이
298,20210121,왜 가다 마는가요
299,20210121,도끼형 물린 금액이 얼마였었지
300,20210121,꺼억
301,20210121,거래량폭증
302,20210121,빨리 사세요
303,20210121,이제 시작이다
304,20210121,친구가 최종 만 간다해서 층에서 가지고 있었습니다
305,20210121,와한병화가추천해버렸다
307,20210122,상승추세 흐름 굳
308,20210121,조금 올랐다고 좋아하지 말아라
310,20210121,기관형님들
311,20210121,참 무겁네
312,20210121,빨리 가
313,20210122,조때따 알코아
314,20210122,제련수수료 하락
315,20210122,오후에 반등 가즈아
316,20210122,개관 시키들
317,20210122,프로그램 전쟁이네 ㅋㅋㅋ
318,20210122,ㅋㅋㅋㅋ 빅히트랑 시총이 비슷한거 실화
319,20210122,층은 이거 팔고 더 화뜬한거 물고 싶다
320,20210122,변동폭이 큰장세
321,20210122,우린 주식시장의 함정 얼마나 알고있나
322,20210123,  긴급 레버리지배배 고수익 재테크 실체
323,20210123,참 얘는
324,20210123,고려아연납 인도 원 재활용업체 맞손폐배터리 사업 드라이브
326,20210124,년째 만원인 주식 ㅋㅋㅋㅋㅋㅋㅋㅋㅋㅋㅋㅋ
328,20210125,실적발표 언제
329,20210125,많이 드신분들ㅋ이제 이사갑시다
330,20210125,가즈아
331,20210125,고려아연 강추
332,20210125,층이라 편안하긴 한데 진짜 너무 느리다
334,20210125,장씨 일가가 문제아닌지
336,20210126,좋은리에서 꾸 꼬리를달고다니네
337,20210126,영풍 조업정지
338,20210126,매수기회
339,20210126,도끼형 혹시 다 팔고 나간 건 아니지
340,20210126,어제 오른것 도 없는데
341,20210126,이정도면 찍힌듯
342,20210126,원에입성
343,20210126,목표가 올린다기에 물타기
344,20210126,차트 진짜
345,20210126,상승분 다 반납
346,20210126,외국인은 대체
347,20210126, 공매도 폐지 국민청원입니다
348,20210126,아마도
349,20210126,최저점으로  내리꽂았네
350,20210126,깔끔한
351,20210126,공매도는 폐지되어야합니다
352,20210126,다 복불복이쟎수
353,20210126,계속 추매하고있는데 괜찮은거죠
355,20210127,없다생각하고 가지고가고있는데
356,20210127,뒤통수를 하도 맞아서 신뢰가 안가
357,20210127,목표줏가상향이유
358,20210127,실적발표 언제하나
359,20210127,식한테
360,20210127,아니 유보율이 인데 무상증를 왜 안하는겨
362,20210127,재료가넘치는 고려아연
363,20210127,공매도시작하면 다 죽습니다 청원하세요
364,20210127,원재 슈퍼사이클 온다
365,20210127,똑똑똑
366,20210127,차트보면 기관 매집하고 거래량 죽이고 누르는중
367,20210127,또 시작이냐
368,20210127,동박공장 내년 월이네요 ㅜㅜ
369,20210127,제곧내
370,20210128,액면분할 이 정답이다
371,20210128,주생아 평단가  탈출 가능한가요
372,20210128,월 tc값 이후 날라가는거 그냥 기다리면 됨
373,20210128,담을 때가 오고있다
374,20210128,고려아연주주님들 공매도금지 청원에 힘을 실어주세요
375,20210128,다른주식 다오를때 
376,20210128,매도하면 바보라고 추매하시던분 생각나네요
377,20210128,호주 그린수소사업 에 뜨던데
378,20210129,개미들은 왜 놀음판을 좋아하는가
380,20210128,개잡주
381,20210128,일단 주 샀다
382,20210128,단기간에 슈팅쏘긴 어렵고 
383,20210128,매수린데
384,20210128,전재산 몰빵하고존버하는중
385,20210128,빨간숫를 본적이 없네요
386,20210128,형아들
387,20210128,은값 개폭등 퍼오름
388,20210129,미국  은관련 주식 개폭등중
389,20210129,엊그제 은 선물들어갔다가
390,20210129,이제 기대도 안돼
391,20210129,오호
392,20210129,그래도 얘는 힘좋네
393,20210129,이 하락장에도 
394,20210129,은이 급등한 덕분에 얘는 이정도지
395,20210129,우량주네 고려아연
396,20210129,기관 만개 매수ㅋㅋㅋㅋㄱ
397,20210129,뭐가 선방이냐
399,20210129,제가 기관들 매집중이라 말씀드렸죠
400,20210129,좋은장이었으면 프로는 올랐을텐데
401,20210129,멋져
402,20210129,은시세 돌파
403,20210129,다음 타겟은 은
404,20210129,은값 폭등
405,20210130,아 더 사야 되나ㅋㅋㅋ
406,20210130,미국개미의 승리이후
407,20210131,은이 불되면 은을 만들어내는 고려아연은
408,20210130,한국의 레딧을 지향하는 한투연
409,20210130,이 번 하락기를 지나고
410,20210131,보통 지수빠지면 테마주로 수급 쏠리지 않나요
411,20210131,은값 심상치않네요
412,20210131,영풍 고려아연 이슈정리
413,20210201,적중 다음은 
414,20210201,오나라에서 돈푸네요
415,20210201,은값 ㅁㅊ
416,20210201,상한가
417,20210201,아 상승장이었으면
418,20210201,코피 하락장일때도 올라갈수 있다
419,20210201,오늘 왜 올라요
420,20210201,은값이 심상치 않아서 들어왔습니다
421,20210201,은 선물방에서
422,20210201,게임탑의 넥트 투가 은선물
423,20210201,와이라노 ㅠㅠ
424,20210201,이걸 다시타면 성을갈지
425,20210201,은 폭등하는데 달랑 프로 상승
426,20210201,개미님들주씩 매수 의견 보냅니다
427,20210201,은이 폭등하면 은을 사지 왜 이걸사요
428,20210201,고려아연 분기보고서에 따르면 올해 분기 기준 은 제품은 회사 매출의  금 제품은 를 차지하고 있다
429,20210201,은값이 폭등하는데 고려아연을 왜 사냐고
430,20210201,아니 실버는 폭등하는데 이건 왜이러냐고
431,20210201,오늘도  상승해라
432,20210201,일에팔고
433,20210201,워우
434,20210201,이 머선 이리고
435,20210201,아연아
436,20210201,오늘 입성했는데 궁금해요
437,20210201,일대비 은값이 상승
438,20210201,우리도 공매랑 싸우
439,20210201,이거 갑기 왜 오름 
440,20210201,기관개미 물량
441,20210201,모건이 은매입중이라 당연 고려아연도 매수 포지션
442,20210201,현재 모건이 포지션
443,20210201,은 생각하면 이건 프로 올라줘야함
444,20210201,레딧의 타겟이 된 은시장
445,20210201,가겠다고 
446,20210201,이번주는 원재에 집중하세요
447,20210201,이시간
448,20210201,근데 은값 오를거 확신하면 은 레버리지를 하면되지
450,20210201,고려할수있을때
451,20210201,jp모건 냄새 맡았나본데 ㅋㅋ
452,20210201,미국 개미들이 은값 상승의 원인이었구만
453,20210201,배당금 언제나옴
454,20210201,은선물 현재  상승중
455,20210201,시외 흐름보니 고려아연은
456,20210201,실적발표도 기대되네
457,20210201,은가격 년 최고시세 돌파
458,20210201,은선물  돌파
459,20210201,은 불 돌파 
460,20210201,은값 고점찍고 하락중
461,20210201,현재 은 값 
462,20210201,매출이 조 억도 안되는 녹십가
463,20210201,역시 약세장엔 고려아연
464,20210201,silversqueeze
465,20210201,은
466,20210201,년 월 은 값 상승때랑 지금이랑 같나요 
467,20210201,은퍼 상승
468,20210201,전기차다음은 수소차
469,20210201,미장봤더니
470,20210201,Pan american silver  나닥 은관련주
471,20210201,장기투 
472,20210201,Avino silver
473,20210201,왠지
474,20210201,아직도 싼거같은데 지금 리매수는 아니고 층 아래에서 담아
475,20210202,이번에는가냐
477,20210202,달러가치 폭락시켜
478,20210202,은거래는 어디서 하나요
479,20210202,PAAS  퍼상승마감
480,20210202,게임탑 
481,20210202,원재값
482,20210202,주 만에 걸어 놓는다 아무나 사가라
483,20210202,오늘 상한가 가 
484,20210202,미국 은관련주 폭등 은 관련주 검색어 위
485,20210202,님덜 오늘 은값 떨어졌어요
486,20210202,미국 은관련주들 떡상했네요
487,20210202,허매수 풀리면 음봉시작이다
488,20210202,시가에서 산사람들은 뭐지 ㄷㄷ 사마지 프로
489,20210202,이 금값에 상을 못치네
490,20210202,다행이다 지금가격이면 땡큐
491,20210202,은 선물 반등해야 가지
492,20210202,달러가 강세로 가네요
493,20210202,모건 뭐해 오늘은
494,20210202,개잡주개잡주 신나는노래
495,20210202,조앗쓰 거기까지
496,20210202,은선물 슬슬 올라간다
497,20210202,시가
498,20210202,전세계가 은 폭등중인데
499,20210202,소외주 맞네 시가 만원 실화냐
500,20210202,새벽에 잠이안와 안보던 를 본게 실수다
501,20210202,아침에 홀린듯 매수했다가 피똥싸네 ㅋㅋ
502,20210202,손절가
503,20210202,누가 꾸 파는겨
504,20210202,매수적정가
505,20210202,너무한다
506,20210202,실제상황
507,20210202,에라이 내 이럴줄 알았다
508,20210202,성질난다
509,20210202,외국인들은 많이사니 일단홀딩한다
510,20210202,건전한 조정
512,20210202,은값 오늘 봐봐
513,20210202,매도물량 씨말랐네요
514,20210202,홀딩
515,20210202,개미 타면 역시 안가네ㅋㅋ
516,20210202,메리린치  단타  쪄네
517,20210202,실적발표까지  참아라
518,20210202,진짜 지저분한 종목이네
519,20210202,도망챠
521,20210202,게시판이 호평일색이길래
522,20210202,외인도 빼기 시작하네 ㅋㅋ
523,20210202,줍줍
525,20210202,여기저기 추천이네 고점민가
526,20210202,개미흔들기
527,20210202,은 골판지 금값이다 그만 눌러라 멸치야
528,20210202,주워
529,20210202,청하가 부릅니다
530,20210202,징하게 울겨먹네
531,20210202,년동안 프로떨어졌네
532,20210202,은값 오른다고 하니
533,20210202,좋은 기업인데 참
534,20210202,하한가로
535,20210202,분기 실적 발표 언제 하나요
536,20210202,레알 ㄱㅈ같은 기업
537,20210202,평단가가 애매하니까
538,20210202,좋은회사다 
539,20210202,동시호가
540,20210202,역시 개미한테 다 던져주네ㅋㅋ
541,20210202,낼 상한가 갈까요
544,20210202,금과은의 왈츠
545,20210203,은 하락중
546,20210203,은값으로 주가올라가는게 안좋긴하다
547,20210203,아이티센
548,20210203,에혀 
549,20210203,은값 폭락했대요 ㅠ
550,20210203,은가격 폭락
551,20210203,은시세 오르네요
552,20210203,그래서 어제
553,20210203,고려아연이 은이랑 무슨 엄청난 관련이 있다고
554,20210203,어차피 실적 배당주 입니다 매수
555,20210203,으휴 잡주야
556,20210203,이런게 개미털기죠
557,20210203,우롱하는 주식
558,20210203,이놈은
559,20210203,재계위 안에 있는 회사가
560,20210203,외국인 매수 줍줍 
561,20210203,추천글
562,20210203,억투했는데 답답해서 본사다녀왔습니다
563,20210203,초보 주린이 
567,20210203,뭐냐
568,20210203,최소한
569,20210203,오 오늘 기관 간보러 왔네
570,20210203,최소 만원 정도는 가야 맞지 않나
571,20210203,증권방송에서 적극 추천해서
572,20210203,기본
573,20210204,찡퉁은
574,20210204,고려아연 그린수소사업 확대
575,20210204,답답하네
576,20210204,오늘  미팅하러간다 
577,20210204,층 개물렸네 ㅅㅂ
578,20210204,지금 저점인가
579,20210204,쓰레기 개잡주
580,20210204,오늘은 션하게 빠지네
581,20210204,코피는 아직 선도 아님
582,20210204,게임탑 때 만큼 빠지누 ㅋ
583,20210204,존버
584,20210204,에 사고 에 팔고 반복했으면 부 됐겄다
585,20210204,비철금속 가격상승에 비해서
586,20210204,여기가 고구려아연입니까
588,20210204,여긴진짜 답이없다
589,20210204,소확행주식
590,20210204,은값 오른다고 이거산사람
591,20210204,오랜만에 다시 들어옴
592,20210204,오늘 최근 년중 개인매수 최대
594,20210204,짜증나고 열받음
595,20210204,내가 뭐랬냐 은가격으로 올라가면 안좋다니까
596,20210204,그림을  보면
597,20210204,질문있어요ㆍ
598,20210204,고려아연은 삼성전보다 걱정이 없네요
599,20210204,달러가 슬금슬금 오르는게 심상치 않은데 달라강세일때 고려아연은 호재인가요
600,20210205,역시 전문가들 말은 들을 필요가 없네
602,20210205,차라리 더 떨어져라 추매하게
603,20210205,아침부터 요동치는구마
604,20210205,금욜은
605,20210205,세력이 양아치니 개미가 꼬일리가 있나
606,20210205,와 멀미나겠다
607,20210205,증권방송 매수급등종목
608,20210205,이건뭐
610,20210205,고믈아연
611,20210205,아연이소싯적 나으 첫사랑
612,20210205,형 왔다
613,20210206,은가격 재상승
614,20210206,풍산 월요일 실적발표
615,20210206,올해 목표주가
616,20210206,지구상 모든 원재 상승국면 돌입
617,20210206,월요일 상승 예감
618,20210207,뭔리크
619,20210208,실적발표 영업이익
620,20210208,동박공장
621,20210208,아연
622,20210208,실적발표
623,20210208,이제는 시선을 조금 더 먼 곳으로 돌릴 때
624,20210208,어닝서프라이즈면
625,20210208,실적발표 나와도 못가네
626,20210208,염블리가 한번 언급해주면 갈듯
627,20210208,영업이익 천억 부채 거의 없는 이런 회사가
629,20210208,참 니가 왜이래
630,20210208,향상 절반은성공 절반은 실패
632,20210208,배당발표 안해요
634,20210208,실시간 머크형 비트효과로 은도 떡상중
636,20210209,인생은
637,20210209,적정주가
638,20210209,금 선물
639,20210209,말하는 사람마다 다 좋다고 하는데
640,20210209,이름값도
641,20210209,비철금속가격 모두  상승중인데
642,20210209,살연휴 이후부터
643,20210209,않이 휘발 왜 배당얼마 주는지 발표 안하는데
644,20210209,오널
645,20210209,P
646,20210210,힘들내세요
647,20210210,고려아연과 은 관련주 정리
648,20210210,괜히
649,20210210,증시 박살나는데 그래도 버티는편이네
650,20210210,은값은 오르는ㄷ 넌 왜 안오르냐
651,20210210,아연이 미워하지마세요
652,20210210,이놈은 항상 순이익이 아쉽네
653,20210210,준비들 하시게
654,20210210,오늘이
655,20210210,넌 모하냐
657,20210210,고려아연 주주님 힘내세요
658,20210210,얘 매동 보니 충 깨질듯 
659,20210211,주가 빠지니 나쁜 주식
660,20210211,격세지감이 드네요
661,20210211,생각을 합니다 기울어진 운동장
662,20210213,아연가격 일연속상승중
663,20210214,고아 강추합니다 
664,20210215,은값이요
665,20210215,이 좋은 주식이 인기가 없네
666,20210215,잡주가
667,20210215,천하의 개잡주
668,20210215,이해가 안가는게ㅋ
669,20210215,전기차 동박은 우예되가노
671,20210215,얘는 언제 뛰려나 참말로 지겹네 
672,20210215,고려아연은 최소 단위가 년이다
673,20210215,내 가지금 눌림목 올때마다 추매하는데 평단 야금야금 올라간다
674,20210215,원재상승한대서 버틴지 한달째
675,20210216,아연이 무슨일이야
676,20210216,오늘도 원재는 오른다
677,20210216,오늘 뭔일이야 쿠팡이야
678,20210216,달러의 가치가 매년 떨어지니
679,20210216,올라도 불안불안 
680,20210216,턴사람 배아플듯
681,20210216,한강뷰 가즈아
682,20210216,얼탱이 없다 상승좀 할라하면
683,20210216,다시제리로
684,20210216,솔브레인 층에서사서 층에서 팔고 이거 들어왔는데
685,20210216,고려아연 같은 주식이 편한 사람도 있다는
686,20210216,은백금 납등등 비철금속 다 오르는데
687,20210216,안녕히계십쇼 형님들 먼저 떠납니다
688,20210216,형님들  원에 천 입성했는다
689,20210216,구리값폭등
691,20210216,게시판 한담
692,20210216,비트코인이 뜨면 고려아연이 죽는이유
693,20210216,염블리가 오늘 주가 바닥이라 함
695,20210216,제 짧은 식견으로는 아직 호재뜰려면 먼 것 같아요
696,20210217,미국 금속주
697,20210217,엉아가 목표가 찍어준다
698,20210217,공포의D기 온다삼성이 본사 사옥까지 팔아서 모은 현금 조를 미리 대기중인 이유
699,20210217,남들 내릴때 올라주는 쎈
700,20210217,원재
701,20210217,이해는 안가지만
702,20210217,오후장엔
703,20210217,아연이
704,20210217,장투로
706,20210217,거래 정지인가요
707,20210217,아연이 차트보니 낼 쏠거같음 
708,20210218,실적도 좋고
709,20210218,염블리가 고려아연 좋댄다
710,20210218,앤 걱정없는게
711,20210218,왕 짜증
712,20210218,신입 인사드립니다
713,20210218,원재 테마 끝남ㅋㅋ 폭락 고고고고
714,20210218,아연을
715,20210218,해외에선 실버 이글코인 프리미엄이 달러
716,20210218,SK하이닉 현대차 LG전 LG SOil 왜케 빠지노
717,20210218,실적대비 이렇게 저평가 받는 주식이 있을까
718,20210218,장투 결정
720,20210218,왜그래
721,20210218, 매력적인 리 와주었구나 낼 층 아래에서 매수대기
722,20210219,인플  
723,20210219,수렴후 쏴야 진짜다
724,20210219,여긴 뭔가 적금 넣는 기분임
725,20210219,징글 징글하다
726,20210219,아이고 현대차 팔고
727,20210219,아고 판에 깔랑깔랑
728,20210219,비트코인을 샀으면 떼돈벌엇겟네
729,20210220,하방경직성
730,20210220,쓸쓸하네
731,20210220,아연가격 계속상승중
732,20210221,원화의 저주가 온다한국인의 눈물
733,20210221,무궁무진한 성장주 미코
734,20210222,금값
735,20210222,원재 가격 못는다
736,20210222,풍산이 대장준가 보네요
737,20210222,영풍에서 왔슴다
738,20210222,비철금속 아연이 빼고 다 폭등
739,20210222,쏜다 쏜다
740,20210222,ㅋㅋㅋ고려아연은 프로 올라도 쏜다고하넹
741,20210222,제가잘못했어요
742,20210222,오늘은 원이 가두리 선인가베
743,20210222,이거 물렸다고 곡소리 내는 인간들은
744,20210222,축배들 프로면 상한가다
745,20210222,얘는 오늘 오르는 게 문제가 아니라
746,20210222,조만간 비트코인 나락가면
747,20210222,달리는말에 올라타라
748,20210222,배당듬 남냠
749,20210222,배당원
750,20210222,메릴린치 
751,20210222,인플레 오고 금리상승  시나리오인가
752,20210222,오 왔다 제대로 된 호재가
753,20210222,사주 매입 가즈아
754,20210222,배당금 꾸준히 우상향
755,20210222,실적이
756,20210222,언제부터 언제까지 들고있는 사람에게 배당을 주는건가요
757,20210222,아니얘는
758,20210222,비트 나락가면서 금값 상승중
759,20210222,장기가나염
760,20210222,무슨 일인가요
761,20210222,만원가요
762,20210222,코피 코닥 종목 공매도량 정리
763,20210223,COPX구리선물상승중고려아연 상한가도전
764,20210223,비트코인 불안정성에 역시 금값 상승
766,20210223,은 관련주 대장 고려아연
767,20210223,미국 금속ETF상승중 고려아연 상한가도전
769,20210223,만 오천원  현금배당
771,20210223,미국 금속ETF 상승중 고려아연 상한가도전
772,20210223,미국증시
773,20210223,이차전지 원재료 최대기업 고려아연
775,20210223,은 
776,20210223,키움개미가 몰려온다
777,20210223,상품가격들 시세 미쳐돌아가네
778,20210223,하수들
779,20210223,벤치마크 tc 발표는 언제 할까요
780,20210223,형따라 안가냐
781,20210223,아까 주 팔았는데털린기분
782,20210223,고려아연 하청 대원MW 임금체불
783,20210223,아연가격
784,20210224, 고려아연 후속주가 궁금한 사람 보세요
785,20210224,살포시
786,20210224, 아래로 내려가면 무조건 추매
787,20210224,아 이거 웰케 처내리노
788,20210224,다시 오면 집팔고 논팔게요
789,20210224,회사 망했나요
790,20210224,조정도 그렇고 코피가 떡락하니까
791,20210224,기관 외인싸움
792,20210224,차라리 안볼걸
793,20210224,ㅋㅋㅋㅋㅋㅋ 차라리 오늘은 낫군
794,20210224,에이
795,20210224,이 저평가된 주식도
796,20210225,조정국면
797,20210225,금일 비찰금속주 폭등각이죠
798,20210225,에휴
799,20210225,이런 개
801,20210225,미중 전쟁  희토류 원재 관련
802,20210225,너무 한대 ㅋ
803,20210225,참
804,20210225,얘 오늘 왜이러지
805,20210225,무증하
806,20210225,모간이도 마약하고 주식하나
807,20210225,Tc기격 싼마이로 체결했나 
808,20210225,챙피해서 누구한테 말도못하것다
809,20210225,모간형님들 
810,20210225,모간형님
811,20210225,지수는  포인트가  오르는데
812,20210225,아연tc수수료
813,20210225,반드시  
814,20210225,아 머리야
815,20210225,원 급등
816,20210225,고려아연 재입성
817,20210225,아연이 주포는 기관임
818,20210225,무상증 오백프로 해라
819,20210225,대체 왜 이러는지 이해가 안되지만
820,20210226,연기금과 외인이 왜 매도세로돌아섰을가요
821,20210226,호가장난질 그만해라
822,20210226,호가창 장난이지만 잠시 기분은 좋네요
823,20210226,오른 것도 없는대 처내리게 생겼넹 ㅋ
824,20210226,젠장 어제 들어왔는데
825,20210226,알쏭달쏭
826,20210226,시장이 가치주로
827,20210226,문상
828,20210226,아 싸다 싸
829,20210226,올인
830,20210226,이런 버블장에
831,20210226,한마디
832,20210226,저거 뻘건거 쏴 올린 놈들 누굽니꺼
833,20210226,시장의 분위기는 좋다
834,20210226,배당금 언제주나요
835,20210226,오늘도 션하게 빠짐 
837,20210226,아연이가 아파요
838,20210227,금값 나락가네
839,20210227,고려아연 주주분들 힘내세요 
840,20210227,미국 금리도 ㅊ오르고 매도 물량 쏟아지고
841,20210227,고려아연 공장장아 하청만죽어난다
842,20210227,얜 진짜 이상하네
843,20210227,배당금 만큼은 ㅎㄷㄷ이네
844,20210227,원재 가격 올라도 떨어지고
845,20210228,아연이차전지
846,20210228,지수예측
848,20210301,한마디더
849,20210301,wq
850,20210302,월은 수익좀 내
851,20210302,Jp모건
852,20210302,ㅐㅓ
853,20210302,무슨 악재 있는가
854,20210302,원재 주가 왜이러지
855,20210302,모간형님들 너무 한거아니오
856,20210302,오늘입성요 
857,20210302,지금 매수해도되나요
858,20210303,아연가격상승은 실적과 상관있다 
859,20210303,또ㅈ   ㅣ     라      ㄹㄹㄹㄹㄹㄹ
860,20210303,좀 이상하네
861,20210303,더 빠지면 사려고 했는데
862,20210303,금값 오른다 올려놔라
863,20210303,평단가 주변에서 계속 놀고 있으니
864,20210303,금값올랐는디
865,20210303,이종목 
866,20210303,오늘 원에 입성했습니다
867,20210303,내일 얼마까지 찍고 내려올까요
868,20210303,금은 가격이  배 올랐는데
869,20210303,재무구조 기업가치 성장성으로 따지면
870,20210303,요즘 모건이가 주 외출을 하는구마
871,20210303,유상
872,20210303,내일은 
873,20210303,십이년주식경험상 내일
874,20210303,포코 봐라
875,20210304,오늘 
876,20210304,장전 가격 
877,20210304,시작
878,20210304,호재있나
879,20210304,말도 안되는 가격이다
880,20210304,cs 드뎌 외국인 들어오네
881,20210304, 슬슬
882,20210304,우와거래원 매수 매도에 키움이없다
884,20210304,이런모양 차트 많이 봤는데 
885,20210304,좋은말 할때 어제 종가 원
888,20210304,내일
889,20210305,이제 하락장 시작인가
890,20210305,시간외
891,20210305,조졌다
892,20210305,와 근데 바닥 저점 딱 찍고 버텨주네
893,20210305,주말 잘 보내세요
894,20210305,주째 음봉 ㅋ
895,20210305,이달은 가야지 
896,20210305, 고려아연 장기성 투 최초 매수
897,20210305,이거 적정가
899,20210305,양전하것네 바닥  작년대비 실적도 좋고
901,20210306,프리굿 오석민대표구리와 희토류를 가진가 전기차 시대를 지배한다
902,20210306,수고 많이 하시는 박재천 부산 중부 경찰서장님에게
903,20210306,매일 아연먹습니다
904,20210306,금값 빠진다 어쩌냐 ㅜ
905,20210307,코로나 이전과 비슷하네
907,20210308,또 시외 장난질
908,20210308,장난질하다
909,20210308,동시호가 없어져야 합니다
910,20210308,관심에서 멀어진 고려아연
911,20210308,오늘도
912,20210308,와 얘 요즘 왜이러나 너무심하네ㅋㅋㅋ
913,20210308,고려아연은 넘 기대하지 마세요
914,20210308,고아는 심심하니
915,20210308,기다리다가 사리나오것다
916,20210308,그래그래 아연아
917,20210308,그럼 그러치
918,20210308,바닥 이정도 다졌으면
919,20210308,이걸
920,20210308,고려아연은 어디 섹터죠
923,20210308,주식은 어렵다
924,20210308,만 깨지나요
926,20210308,이거 떨어져 봐야 마넌이다
927,20210308,냉무
928,20210308,아직 안떨어졌군요
929,20210308,성인군
931,20210309,가치주 홧이팅
932,20210309,인간적으로
933,20210309,오른것도 없는데 다른 성장주랑 같이움직이노
934,20210309,와 진심
935,20210309,고아는 성장주였구나
936,20210309,이 종목은 만 깨지면 분할 매수 하면 댐
937,20210309,알려주세요
938,20210309,기가 차서 말도 히네
939,20210309,코피 종가상
940,20210309,갑기 쌍매도냐 왜
941,20210309,살다살다 이런 개잡주는 첨보네
942,20210309,도 깨지나
943,20210309,오케오케
944,20210309,매물벽
945,20210309,국제 금 은
946,20210309,안팝니다
947,20210309,기도하겠읍니다
948,20210309,ㅋㅋㅋ 건설주도 간다
950,20210309,코피 지수가
951,20210309,국제
952,20210309,깨졌네
953,20210309,용틀임이 시작되었으니 준비들 하시게
954,20210309,오늘 대량 물타기
955,20210309,은행보단 고려아연
956,20210309,금은 올라가네
957,20210309,추매 타이밍
958,20210309,이렇게좋은데
959,20210309,케이
960,20210310,낼 개떡상이네
962,20210310,시장에서 외면받는 아연
963,20210310,아직멀었나요
965,20210310,호재떴다
967,20210310,일단 주 채웠네
968,20210310,팍경제TV  착한주식 착한투
969,20210310,가두리 양식장 느낌이 드는걸 나뿐인가
970,20210310,바닥 대바닥 나왔다
971,20210311,층을 보여준 의미
972,20210311,호가창 상한가로 만들어 주세요
973,20210311,시외 장난질
974,20210311,기도 일차
975,20210311,호가창 장난질 억은 있어야
976,20210311,올릴수도 있는걸
977,20210311,똥을 싸라
978,20210311,고려아연이 앞으로
979,20210311,니가 동전주냐
981,20210311,금이 올라도 아연이 올라도
982,20210311,거래량이너무
983,20210311,또 깨냐 
984,20210311,진짜 이주식 현기증난다
985,20210311,아연이 어제 오른거  버거운가봐
986,20210311,주총때 찾아가서
987,20210311,욕하는사람많네
988,20210311,고아는 
989,20210311,깜짝 무상증나
990,20210311,진짜 떨어질 같이 손잡고떨어지고 오를땐 왜 손놓냐
991,20210311,월일 주총 참석장 도착
992,20210311,야 너도 확쫌 올라봐라
993,20210311,차트가 무너진거 나만느낌
994,20210311,개미만
995,20210311,코피가 프로가 넘게 올랐는ㅋㅋㅋ
996,20210311,월까지 기다리면 만원 올꺼예요
997,20210311,ㅋ 
998,20210311,오늘 거대 손바뀜 있었던거 같은데
999,20210311, 고려아연 목요일 차 매수 후 전량 매도 청산
1000,20210311,아연이네는
1002,20210312,솔직히 만은 가야지후
1003,20210312,고구마구나
1004,20210312,미친 개잡주
1005,20210312,와 뭐 일로
1006,20210312,상폐해야할 개잡주
1007,20210312,소외주는 절대 하는게 아니다
1008,20210312,뭐하냐 진짜
1009,20210312,가치 함정
1011,20210312,완전히 소외됐네
1012,20210312,어이 고 준비됐어
1013,20210312,왠지 
1014,20210312,입성요
1015,20210312,층언제 탈출시켜줄거고ㅋㅋㅋ
1016,20210312,와이제떨어지냐
1017,20210312,원 곧 오겠다 
1018,20210312,아연 을
1019,20210312,배당금 
1020,20210312,와나락으로 가는구나 아주
1023,20210312,잊혀진 주식
1024,20210312,공금횡령 니네가했냐
1025,20210312,아직도 높네ㅋㅋㅋㅋ
1026,20210312,이놈이 국민연금 지분이 높아서 매력이 없다고보는건가
1027,20210312,얘 어쩌면 좋니 어휴실적도 좋은놈이
1028,20210312,대체 이거 왜 꾸 떨어지는건지 아시는분
1029,20210312,개 똥같은
1030,20210312,개미들이
1031,20210312,월 금 종가 같네ㅡㅡ 박권 지대로ㅋㅋㅋㅋ
1032,20210313,고려아연  좋은 기업입니다
1034,20210313,종목분석 고려아연 풍산 영풍
1035,20210314,이번주는 좋겠네요
1037,20210315,이거 
1039,20210315,으 얘 왜이래
1040,20210315,입성했습니다 잘부탁드립니다
1041,20210315,시총 조가 거래대금이 억도 안되겠네
1042,20210315,년안에 시총조 가능한가요
1043,20210315,뱃속
1044,20210315,프로라도 
1045,20210315,와 종가에샀는데 더내렸네ㅋㅋ
1046,20210316, 고려아연 월요일 차 매수 실패 화요일 다시 도전해야
1049,20210316,뱃속 파충류 또   지이라ㄹ
1050,20210316,폭락 기도 
1051,20210316,ㅈㄴ 맨날
1052,20210316,다른 종목 사야되는데 탈출 기회 안주네
1055,20210316,고아 투금액은
1056,20210316,흠 멀까
1057,20210316,원이 니기미 말이되냐
1058,20210316,금융비용이 크게 늘어난
1059,20210316,순이익
1060,20210316,倭색풍의 간사럽기까지 한시종일관하는 기름기 쩐 코먹은 哭聲가녀린 간드러진 여성적보컬의 남가수들은 이제 그만 가요계에서 퇴출해야
1061,20210317,오늘 종가예상
1062,20210317,대표 고구마주식 고려아연
1064,20210317,똥을 질질싸라 아주
1066,20210317,Renewable Energy 풍력
1067,20210317,오늘 왜오르노
1068,20210317,부럽 한방에 개미 억인가
1069,20210317, 물량 거둬라 좋은말 할때
1070,20210317,머야 퍼 상승 ㄷㄷ
1071,20210317,내종목중 유일한 빨간불 가즈아
1072,20210317,이거 때문에 오르는거에요
1073,20210317,뭔데 이거
1074,20210317,야드디어 가나 ㅋㅋㅋ
1075,20210317,일봉은 아직 잘모르겠고
1076,20210317,코리아징크
1077,20210317,그냥 한주씩 툭툭 사셔요
1078,20210317,이제
1079,20210317,호재치곤 너무 짜게 올랐죠
1080,20210317,오랜만에 양봉 보네
1081,20210317,보수적인 아연이가 도전을 하려한다
1082,20210317,드뎌 본전이네
1084,20210317,배당금 받으셨나요
1085,20210317,고려아연 보유만오세요
1086,20210317,저주가 온다한국인의 눈물
1087,20210318,이거 오늘
1089,20210318,여기서 끝나믄
1091,20210318,거래일 동안 계속 올랐으니 이해한다
1092,20210318,고려아연은 인버임
1093,20210318,달러하락 원재 상승
1094,20210318,KTG보고 참아라
1095,20210318,아니
1096,20210318,오후에 또 말아올리나
1097,20210318,약속된 오후가 도래함
1098,20210318,소액주주운동에동참해주세요
1099,20210318,이제 이하
1100,20210318,주주는 힘들어하는데 오너일가는 급여를 억이나 가져갔네요
1101,20210318,미장 폭락
1103,20210319,출정가
1104,20210319,아 오늘도 짜 보겠네
1105,20210319,헐 개폭락은 아니겠죠
1106,20210319,개폭락 대폭락
1107,20210319,어제안판거 개후회함
1108,20210319,휴우
1109,20210319,아 빨리 층 와라 ㅡㅡ
1110,20210319, 위에선 사지마세요
1111,20210319,거지같은 종목 
1112,20210319,OOO 내 가격 언제오냐
1113,20210319,무슨 애가 대한민국 대장주냐
1114,20210319,오늘 좀 실망이다 고아
1115,20210319,아 기다리다 지치겠네
1116,20210319,마른오징어 기름짜네요
1117,20210319,고려하세요
1119,20210319,UBS
1120,20210319,이와중에 고려아연은
1121,20210319,OOO같은 주
1122,20210319,월부터 방향성 바뀔것 같네요
1123,20210319,우리 아연이는 
1124,20210320,아조졌다
1125,20210320,원재값 오른다고 난린데
1126,20210320,농심담배인삼공사고려아연한전가공사
1127,20210321,배당금은 언제 입금될까요
1128,20210322,어늘 하루는
1129,20210322,아나 조졌다
1130,20210322,배당금 빼곤
1131,20210322,개잡주 거지같은 똥 코닥 보다도
1132,20210322,예상 실적이라도 올려라
1133,20210322,얘 재고산이 많아서 그런가
1134,20210322,딱 한번만
1135,20210322,은가격 반등 비철금속류 상승중
1136,20210323,후
1137,20210323,재급등
1138,20210323,하 개잡주 퍼 오르는게 이리 힘드냐
1139,20210323,이거 드릅게 안오르네요
1140,20210323,묵직한 아연이
1141,20210323,아주 똥을 쏴라
1142,20210323,주봉이 불을 뿜어야 간다
1143,20210323,내일 주총 간다
1145,20210323,호재
1146,20210324,하한가 가좌
1148,20210324,아여니 이정도면 
1149,20210324,하 서운하다
1150,20210324,낮잠고 올테니
1151,20210324, 주주총회를 보고 나서 
1152,20210324,주총후에 주주들 빡쳐서 파는거임
1153,20210324,주식은 짜고치는 
1154,20210324,추매하고 싶지만
1155,20210324,아연이 에너지파 
1156,20210324,얘들 경기민감주 맞음
1157,20210324,배당금
1158,20210324,개잡주 ㅈㄴ짱나네ㅋㅋ
1159,20210324,징징이 주린이들아
1160,20210324,여기 
1161,20210324,ㅎㅇ
1163,20210325,추매완료
1164,20210325,성장주답네
1167,20210325,이 종목 가지고 있으면 암 걸려요
1169,20210325,싸지면
1170,20210325,그래그래 가야지 아연아
1171,20210325,다들 평단얼마신가요
1172,20210325,똑같은 고려로 시작하는데 왜 이건
1174,20210325,주봉 일선 돌렸으니 
1175,20210325,입성
1176,20210325,무거운종목입니다
1177,20210325,차라리
1178,20210325,장주
1179,20210325,망햇다고
1181,20210325,현직다 질문받는다
1182,20210325,그냥 성장 끝난 배당주 취급당함
1183,20210325,올라갈땐 현금인척 내려갈땐 주식인척
1184,20210325,현직가 좋다고 할 때가 고점
1185,20210325,더 빠지네ㅋㅋ
1186,20210326,오늘두 
1188,20210326,고고한 아연이
1189,20210326,여기서 멈추면 안된다
1190,20210326,오늘 짜 봐주면 안되겟니 
1191,20210326, 매물 빨리 거둬라
1192,20210326,안올라도 맘편한 주식은 이것 하나뿐
1193,20210326,더도말고 프로만 올려줘
1194,20210326,만 매물 퍼뜩 안치우나
1195,20210326,다음주가 
1196,20210326,엄마회사 영풍에
1197,20210327,다들 목표주가 을마임
1198,20210327,얘 월요일 오를까
1199,20210328,작년 상승장부터 샀는데
1200,20210329,애휴 또떨어지네
1201,20210329,개잡주 끝판왕이네ㅋㅋㅋ
1202,20210329,개잡주 끝판왕 인지용
1203,20210329,카악
1204,20210329,액분 가즈아
1205,20210329,지금같은 변동성 장세에서 그냥 들고 가는 주식
1206,20210329,쥰내 무겁네 하여간 진짜 ㅡㅡ
1207,20210329,철강주랑 비철강주랑 너무 차이나넹
1208,20210329,만 매물
1209,20210329,여긴 그래도 이정도면 훌륭하다
1210,20210329,최고다
1211,20210329,이게 머선 
1212,20210329,호구 개미들
1213,20210329,배당주로 들어온거 아닌가
1214,20210330,단기폭등
1215,20210330,포기
1216,20210330, 뚫기 힘든가봐 
1217,20210330,진짜 토악질나오네
1218,20210330,떨어지려면 확
1219,20210330,질린다 질려
1220,20210330,방금 누구 계산에 따르면
1221,20210330,이 종목 특징
1222,20210330,오늘 종가 원
1223,20210330,평단 
1224,20210330,여기서 아무리 시부려봐야 소용없음
1225,20210330,오후에 낙폭 만회해야지
1226,20210330,액면 분할이라도 좀 해다오
1227,20210330,이런그림 많이 봤는데 
1228,20210330,배당주
1229,20210330,원 주입니다
1230,20210330,십주연속 음봉ㅋ 일단  만 뚫고
1231,20210331,저가 매수 기회 더주세요
1232,20210331,어제 기분드러워서 손절했는데
1233,20210331,답이 없네요
1234,20210331,외인 수급 들어옵니다
1235,20210331,정말 답이없다 떠나야 하나
1236,20210331,위에 매물 빨랑 안치우냐
1237,20210331,단타쟁이들로 인해 을 뚫는건
1238,20210331,똥을 싸라 아주 휴
1239,20210331,고또속 ㅋㅋㅋㅋㅋㅋㅋㅋㅋㅋㅋㅋㅋㅋㅋㅋㅋㅋㅋㅋㅋㅋㅋㅋㅋㅋㅋㅋㅋㅋㅋ
1240,20210331,프로그램 매수 계속 들어오는데
1241,20210331,재련수수료 발표하고 악재 털어내
1242,20210331,이런 앙 
1243,20210331,여기 호재형 있어요
1244,20210331,역주행 투 삼성이 본사 사옥까지 팔아서 조를 대기중인 이유 알아야
1245,20210331,배당일 언제죠
1246,20210331,오 배당금통지서 왔네ㅋㅋㅋ
1247,20210401,제련수수료
1249,20210401,배당금입금
1251,20210401,오늘은 또 금융 배당주 움직임이네
1252,20210401,배당금 몇시 입금되영
1253,20210401,오랜만이다
1254,20210401,배당금 입금됐네요
1255,20210401,배당금 입금
1256,20210401,배당금으로 고아 추매
1257,20210401,배당금 왔숑
1258,20210401,들어온김에 개먼저 샀는데
1259,20210401,배당금 파뤼이
1260,20210401,다들 배당받아서 사고잇니
1261,20210401,인플레 
1262,20210401,일선 돌렸다
1263,20210401,밑으로 가든 위로 가든
1264,20210401,주 연속 음봉ㅋ
1265,20210401,배당 받은 거 추매했음
1267,20210401,징글 징글 하다  나가니 원 평단가ㅜㅜ
1268,20210401,우리
1269,20210401,개미들 왜이렇게 답답해 하냐 ㅋㅋ
1270,20210401,일선 일선 골든 났고 
1271,20210401,오늘 배당 받았네요
1272,20210401,내일 오를까요 띠부레 
1274,20210402,찌라시라도 좀 뿌려바
1275,20210402,와 이건
1276,20210402,딱 주만 더 있는다
1277,20210402,ㅅㅂ
1278,20210402,개ㅅㅂ
1279,20210402,상폐ㅐ라
1280,20210402,배당금 그냥 외인 기관 투금 이일 뿐
1281,20210402,현재 진행되고 있는 벤치마크 티씨 계약과 관련하여
1282,20210402,고려가 아니라
1283,20210402,구글아연으로 이름 바꾸
1285,20210402,주린이 질문
1286,20210402,안전하다 안전하다 하는데
1287,20210402,아연이 등함
1288,20210402,낮지 않은 기저 부담 vs 불확실성 제거 프로필 사진 등용문연구원  조회 
1289,20210402,금속이 갈날이온다온다온다온다안온다온다안온다
1290,20210402,X늠의기사
1291,20210402,금값 년만에 최대폭 하락강달러 경기회복 기대감 영향
1293,20210402,뭐 이런 좃갇은
1294,20210402,이제는 
1295,20210402,다시원점으로 돌아왔네a
1296,20210402,별 거지같은 종목을 
1298,20210402,인당 영업이익 가장 많이낸 기업
1300,20210403,아연이도
1301,20210403,냉정하게 
1302,20210404,내일도 개 보합 
1303,20210405,주 연속 음봉 가즈아ㅋ
1304,20210405,개 잡주
1305,20210405,한번 쏴줄 때가 됐는데
1306,20210405,또
1307,20210405,어허다들 전고점으로 달려가는데
1308,20210405,작년월달 가격까지만되면 매수할텐데 
1309,20210405,이렇게 빡치게 하면
1310,20210405,거래량 최저 경신할 기센데
1311,20210405,거래정지에요
1312,20210405,이번주에 한번 쏠거같은데
1313,20210405,월말까지 원 갈끼야
1314,20210405,무관심이 젤 무서움
1315,20210405,연기금 졸라 파넹
1317,20210405,아 징하다 ㅡㅡ
1318,20210405,이걸 
1319,20210406,그래 일까지 
1320,20210406,OOO 만 뚫어보 형들아
1321,20210406,개잡주네 이거
1322,20210406,한번 시원럽게 좀 빼
1323,20210406,안녕들하쇼 오랜만입니다
1324,20210406,고려아연 주 매수했습니다
1325,20210406,이러면
1326,20210406,와 이거 
1327,20210406,원 간다 안간다
1329,20210406,이새기들은
1330,20210406,저번주에 부사장이랑 몇몇 LG화학 방문했다며 먼 소식없냐
1331,20210406,월달 기관 매수 위였다가
1332,20210406,까지만가라
1333,20210406,낼 개폭등 기원
1334,20210407,꼬라지를 보아하니
1335,20210407,뭔일이래
1336,20210407,형 이거 오랫만에 오르네
1337,20210407,헐 오늘 약 개월만에 리포트가 나왔네
1338,20210407,만가면
1339,20210407,윗꼬리
1340,20210407,가 아연아
1341,20210407,안팔았어요
1342,20210407,제평단
1343,20210407,팔아버린놈들
1344,20210407,상 본전되니깐 못팔겟노
1345,20210407,년만에 상승같네
1346,20210407,이정도면 상한가인가
1347,20210407,올초부터  이상 상승한적 딱 번 있는데
1348,20210407,우리아연이 무슨
1349,20210407,배터리 소재주로 변신 중
1350,20210407,gust 점마는 좀 빨리 다 팔고 나갔음 좋겠다 ㅋㅋㅋ
1351,20210408,보도료 떴군요
1352,20210408,에라이
1353,20210408,형들아 기다려봐 곧 출발한다
1354,20210408,못 뚫냐 안뚫냐
1355,20210408,씨브라알 잠시설렛네
1357,20210408,Dipl형님
1359,20210408,저항대 물량
1360,20210408,솔찍히 평단 만천원이였음
1361,20210408,개인 호루 쉐키들이
1362,20210408,이름은 아연
1363,20210409,ㅋㅋㅋ은 아연 가격재밌네
1364,20210409,오늘 어떨까
1365,20210409,아 그냥 어제 팔걸 
1366,20210409,매수세 포착
1367,20210409,프로그램 매수 
1368,20210409,주가의 잔파동에
1369,20210409,배당금은 언제입금되나여
1370,20210411,김부겸장괸
1371,20210412,오늘도 
1372,20210412,극혐
1373,20210412,징글징글하게 
1374,20210412,재미없다
1375,20210412,절반손절하고 엔지켐샀는데 잘샀네 시간과기회비용이
1376,20210412,원 매물좀치워라
1377,20210412,아연실색 하게 만드네 고려아연
1378,20210412,액면분할 좀 하
1379,20210413,일선 일선 뚫고 골든
1380,20210413,김부겸이 총리되면
1381,20210413,주가의 잔파동에 
1382,20210413,김부겸 김부겸 김부겸
1383,20210413,매일 원씩만 올라라
1384,20210413,만 찍 빨리 
1385,20210413,고려아연 사랑해
1386,20210413,아연아 고맙다
1387,20210413,내일 가나
1388,20210413,우리 고아 어디 입양된거니
1389,20210413,장기로 보는 형들
1390,20210414,앰병하네
1391,20210414,어제 올린거 다 빼네
1392,20210414,어제 갈아탐
1393,20210414,고아 입양된지 알았는데 아니였네 ㅋㅋㅋ
1394,20210414,어제 손절잘했지  이주식보면 없는 궁이 답답하다
1395,20210414,앰병알 
1396,20210414,지랄 똥 싸네 아주 그냥
1397,20210414,아연이 뭐하니
1398,20210414,얘 또  간다 업 아니다 다운
1400,20210414,구리값 순항 중
1401,20210415,기타 법인 반년동안 만주는 누구인가요 영풍
1402,20210415,김부겸 관련주
1403,20210415,이런데서 왜 노나요
1405,20210415,김부겸 총리 생각하고 오늘  매수
1406,20210415,김부겸으로 오르면
1407,20210415,고려아연 주주들
1408,20210415,총리와 사돈관계가 파급력있나
1409,20210415,가 고아ㅋㅋㅋㅋㅋㅋㅋ
1410,20210415,오전에 꾸준히 산 보람  있네요
1411,20210415,김부겸받고 액분가즈아
1412,20210415,액분함 은 가겠지
1413,20210415,그러게 김부겸  등에 올라탓는데도 이 모양이네
1414,20210415,이거 한번 쏴 줄때 안됐나
1416,20210415,풍산개를 버리고 아연이를 택했더니
1417,20210415,빠질 시간이네
1418,20210415,구리가 뜬다
1419,20210415,거래량 주 ㄷㄷ
1420,20210415,고아야 좀
1421,20210415,배당금 나왔나요
1422,20210415,내일부터 아연이는 시작이다
1423,20210416, 어디보
1424,20210416,오늘 가나요
1425,20210416,캬하라라하
1426,20210416,와이라노
1427,20210416,턴어라운드 시작했네요
1428,20210416,다시 말할게 
1429,20210416,움직이네요
1430,20210416,전 계획대로 안되서 던지고 떠납니다
1431,20210416,김부겸 총리 유력 소리에 떨어지네
1432,20210416,지금 에네르기 파 장전하는거 느껴지지
1433,20210416,철 지난 내용 올리지 마셈 초보도 아니고 
1434,20210416,아연이 이정도면 상한가임
1435,20210416,힘은 좋은데요
1437,20210416,김부겸 총리 지명 왜 안오르지
1438,20210416,한번 갈때 됐죠
1439,20210416,김부겸인데ㅋ
1440,20210416,이제 됐죠 김부겸 얘기 꺼내지도 마세요
1441,20210416,증권사와 기타법인
1442,20210416,고려아연 기타법인 코피 종목중 순매수 위 
1443,20210416,걍 이대로 가
1444,20210416,바닥 다지고 올라가는거라서 크게 대시세 한번 줄듯하다
1445,20210416,동박생산
1446,20210417,동박  전기차  사업  진출  초읽기
1447,20210417,김부겸    차기대선  지지율   올라가는  순간
1448,20210417,장인어른
1449,20210417,어휴
1450,20210418,이런 우량주  있나요
1451,20210419,도라이 아냐
1452,20210419,엄청난 불기둥
1453,20210419,고아 몇 개 판 걸로
1454,20210419,역시 고아는 고아
1455,20210419,김부겸 입에 개거품 물고 외치던 작들 다 어디로 잠수탓나
1456,20210419,김부겸 라임사태 터졌네요 ㅜㅜ
1457,20210420,오늘 털고 
1458,20210420,김부겸 불똥
1459,20210420,ㅋㅋㅋ 김부겸이랑 엮던 애들아
1460,20210420,완전 ktng급인데
1461,20210420,고아 경험상 조만간 한방 쏴줄거같은디
1462,20210420,옰은 ㄱ소리
1463,20210420,아연이 올라도금이 올라도사돈이 총리 후보라도
1464,20210420,내가 한번 더 말한다
1465,20210420,개잡
1467,20210420,암호화폐가 폭락중 임
1468,20210420,올해 배당금 언제 지급되나요
1469,20210421,역시 오늘 반등 나올줄알았다
1471,20210421,달러고평가급락가능성금은급등가능성UP
1472,20210421,염블리가
1473,20210421,장난하니
1474,20210421,내가 말 했냐 안했냐
1475,20210421,달러가 내려도 비트코인이 떨어져도 
1476,20210421,만주매집 메릴린치 추가매집중
1477,20210421,주봉상 정배열 바뀜
1478,20210421,금은 오른다고 나 Bitcoin 내린다고
1479,20210421,비트코인버블붕괴더럽게끝날것금 다시각광
1480,20210421,비트코인떡락금은선물상승대변화예고
1481,20210421,고려아연 급등조건 도래합충족
1482,20210422,비트코인폭락전망고려아연 대박주되나
1483,20210422,이시각 은금아연납선물 추가상승중
1485,20210422,밤에 떠벌이 새키들 때문에
1486,20210422,이번주 약조정 및 보합
1487,20210422,비트코인 선 붕괴
1488,20210422,오늘 왠일로 급등하네
1489,20210422,미국채금리급락중금은부활촉진
1490,20210422,와 상이네
1491,20210422,오늘 급등 이유 뭔가요
1492,20210422,음운최대매물벽 돌파우상향랠리
1493,20210422,와 오전에 털렸다 ㅋㅋㅋ
1494,20210422,주봉상 모든 저항대 뚫고 
1495,20210422,지리누
1496,20210422,아쒸
1498,20210422,금투
1499,20210422,만원 가즈아
1500,20210422,프로그램 매수
1501,20210422,지금 개미들만 디지게 파는중
1502,20210422,비트코인선물선붕괴달러금리하락
1503,20210422,머선  니가 간다고
1504,20210422,와 순간 털릴뻔
1505,20210422,오늘 만
1506,20210422,좋은일
1507,20210422,ㅎ
1508,20210422,뭔일 이래요
1509,20210422,장 판에 다매입하네요
1510,20210422,이렇게 고점일때 사는 사람도 있네요
1512,20210422,가슴이 웅장해진다
1514,20210422,이제야 배터리소재 기업으로 봐주나봐요ㅎㅎ
1515,20210422,팔고나옴ㅠ
1516,20210422,겹겹이 호재만 남은 고아
1517,20210422,올해는 대고려아연의 해가 될것이다
1518,20210422,원에  매도했어요 ㅡㅡ
1519,20210422,내일은 과연 
1520,20210422,햐 내가 팔면 꼭 이러냐 ㅡㅡ
1521,20210422,일단 마넌까지는 홀딩
1522,20210423,아연성님   오늘왜이럼
1523,20210423,보통힘이 아니네 
1524,20210423,아연 대다나다ㅋ
1525,20210423,안녕히계세요
1526,20210423,상승세 
1527,20210423,길들여네
1528,20210423,아연 도금
1529,20210423,비싼데 분할함 좋겠당
1530,20210423,오르던말던
1531,20210423,만에 매도되었네요ㅜㅜ
1532,20210423,고려아연 
1533,20210423,오늘도 개미들만 파네ㅜㅜ
1534,20210423,아연 영양제 효과 좋습니다
1535,20210423,기타법인
1536,20210423,참 마음이 편한 주식
1537,20210426,다들 아연이 몇 개 씩 보유 중이신지요
1540,20210423,배당언제줘여
1541,20210423,견디셨습니ㄷ
1542,20210425,가지못한 금은고려아연다시방황
1543,20210425,고려아연 수급이 좋네요
1544,20210426,매번 같은 패턴이고ㅋㅋ
1545,20210426,아연이 말아올리는거보소
1547,20210426,증권사 기타법인 하루도 안빠지고 순매수
1548,20210426,이번주 한번갈려나
1549,20210426,일 고려아연 기관 순매수 순위 위
1550,20210426,미국채 달러 재반등채비에 금은 긴장
1551,20210426,동박은 언제 생산하나 
1553,20210427,그만좀
1554,20210427,같은 패턴
1555,20210427,금이 올라도 아연이 올라도은이 올라도 연이 올라도
1556,20210427,미련한 투들
1557,20210427,실적 굿
1558,20210427,올해 영업이익 조 클럽 가입이네
1559,20210427,외국인이라 한글을 모르는구나
1560,20210427,풍산
1561,20210427,어허 철강은 고사하고 비철금속에서도 하위권
1562,20210427,얘 머하냐
1563,20210427,카아 
1564,20210427,그냥 배당이나받
1565,20210427,공매도대응 방법을 가르쳐드립니다
1566,20210427,액분좀 해라
1567,20210427,주린입니다
1568,20210427,공매 풀리는 코피 선매도 공매 안 풀리는 코닥 중소형주 담읍시다
1569,20210428,이정도 실적이면
1570,20210428,고려아연도 구리만드는데
1571,20210428,이번에도 하방경직성
1572,20210428,또 만원 터치하려나
1573,20210428,아연이 올라도은이 올라도 연이 올라도
1574,20210428, 매입  매도
1575,20210428,고아 주주들 천재
1576,20210428,꼴아박네
1577,20210428,고아가 아니라 영풍을 샀어야
1578,20210428,난 고려아연 팬이다
1579,20210428,내일은 어떻게 될 것 같나요
1580,20210428,이 개잡주에 넣는 이유는
1581,20210428,구리값 똥값
1582,20210428,어제라도 팔껄 
1583,20210429, 남 오를 때 하락하고
1584,20210429,은값이 불이 간다고 가정 해야함
1585,20210429,우리 아연이
1586,20210429,왜이러는걸까요
1587,20210429,헉
1590,20210429,가
1591,20210429,우리아연이가 달라졌어요
1592,20210429,아연이 이제 일어났니
1593,20210429,올라서 좋지만 천천히 가
1594,20210429,빨간날 분할매도
1595,20210429,잘가는구나  좋아
1596,20210429,역시 기다린 보람이 있네요이제 더 갈 듯합니다
1597,20210429,오늘   팔면   안되겠죠         
1598,20210429,달된 주린이 익절하고 갑니다
1599,20210429,아 
1600,20210429,내 아픈 손가락 ㅠㅠ
1602,20210429,고점리다
1603,20210429,년간 홀딩
1604,20210429,외인매도시작했다
1605,20210429,와 개고점이네
1606,20210429,오늘 대박 나
1607,20210429,고려아연 호실적 속 중장기 신사업 투 주목키움
1608,20210429,팔렸노 ㅋㅋㅋㅋㅋㅋㅋㅋ
1609,20210429,매수들 하시요
1610,20210429,배당 때문에 샀는데
1611,20210429,요기서 털린 심약개미들있냐
1612,20210429,주 신고가는 내일
1613,20210429,내 머리 속엔
1614,20210429,왜 오르는거에여 
1615,20210429,내동댕이 치지마라
1616,20210429,아연이 천천히 가
1617,20210429,팔거면 조용히 팔아라
1618,20210429,오늘아님
1619,20210429,억 가지고 간더 인생몰빵 불안하다
1620,20210429,di 머시기로 시작하던 아재 어디가심
1621,20210429,몇주 안되지만 그동안 잘 먹고 갑니다
1622,20210429,이거 올라가는거 배 안아픔
1623,20210429,낼 더 올르것
1624,20210429,꼭 고점에서 끝나야하는 거 아니잖아
1625,20210429,나한테 감사하시오
1626,20210429,아직 배고프다
1627,20210429,목표가 라고
1628,20210429,원에 팔았는데
1629,20210429,오늘 익절했어요
1630,20210429,이유없이 오를때 시나리오
1631,20210429,투격언
1632,20210429,오늘익절했다는글이많네
1633,20210430,고려아연 수급 현황
1634,20210430,아 내가 팔면 오르노
1635,20210430,주주분들 축하드립니다
1636,20210430,살기회좀 주세요
1637,20210430,간다
1638,20210430,정 들었던 고려아연
1639,20210430,개인물량은 다나오고 기관들은 산다
1640,20210430,역시
1642,20210501,액면분할 좀 하고 무상증 하
1643,20210502,올해 영업 이익 조 넘는다
1644,20210503,전문가 추천하면 하락하든데
1645,20210503,에 사서 파는거 알고는있는데
1646,20210503,오십하고 하나일 때 난 무엇을 할까
1648,20210504,도끼형 아직 있어
1649,20210504,층에서 불타기 하다가 ㅈ된거같은데
1650,20210504,고려아연 목표주가 만원 고려아연 주가 전망
1651,20210505,고려아연은 아연 은 중에
1652,20210505,찬티말 듣지 마세여
1653,20210505,ㅋㅋㅋㅋ 며칠 쥐 죽은 듯 조용하더니
1656,20210506,진짜 다시못올 고점이긴 하다
1657,20210506,잘 가는구나 좋아 존버
1658,20210506,배당금은 월에 입금되는거 아닌가요 아직 안들어 왔는데 받은 사람 있나요
1659,20210506,종가 원만 뚫어주면
1660,20210506,털고 있네
1661,20210506,외인 매도 지렸네
1662,20210506,안정적 수익 포코로 오라
1663,20210506,이제 시작이니 물량 간수 잘하세요
1664,20210506,이제 시작이니
1666,20210506,아연이는 늘 돈을 줘요
1667,20210506,현대비앤지틸 먹고
1668,20210507,내가 왜 어제 안팔았을까
1669,20210507,또  제린가요
1670,20210507,내가 뭐랬노
1671,20210507,김부겸때문에 떨어지는건가요
1672,20210509,에 나오네
1674,20210509,몰빵연구소
1675,20210510,하반기는 위에서
1676,20210510,잘 가는구나 
1677,20210510,날아가네
1678,20210510,시작이니 물량 간수 잘 하라고 했잖아요ㅋ
1679,20210510,고민중
1680,20210510,오늘은 익절했다고 랑글 안올라오냐
1681,20210510,팔면 오르는건 국룰이네참고 참다가에 팔았는데
1682,20210510,지난주 이제 시작이니 물량 간수 잘 하라고했잖아요
1684,20210510,오늘도 랑글 올라 오나 난 더 먹어야지ㅎ
1686,20210510,국민청원 은성수 금융위원장 사퇴 요청 현재 약 명 동의
1687,20210511,그만올라라
1688,20210511,물량 간주 잘 하세요 목표가 높게 설정하시고
1689,20210511,지분싸움
1690,20210511,이제 외인 차례인가
1691,20210511,아침에 지수내릴거 같아 팔라고 했더만
1692,20210511,언제 팔까요 수익률 프로 인데
1693,20210511,오래 들고있었네요 ㅎ
1694,20210511,와 ㅋㅋㅋ 사람일 모른다
1695,20210511,불쌍한 우리 도끼형
1696,20210511,고려는 이제 시작이라니까 또 팔고랑ㅋ
1697,20210511,은 이번에 넘어줄것 같은데 좀만더 힘내 아연아
1698,20210511,년만에 돌아온 슈퍼싸이클인데 지금 팔면 안돼죠
1699,20210512,잘 버티세요 속지 마시고 전 존버
1700,20210512,사랑하는 아연이
1701,20210512,고려아연액변분할 한답니다으로
1702,20210512,대단한 인플레이션이 온다는데
1703,20210512,난 이가격엔 못 판다ㅋㅋ
1704,20210512,여긴 한국판 버핏할배들 주식임
1705,20210512,바닥에서 가장 안오른 주식
1706,20210512,고려아연 년차가 말해준다
1707,20210512,고아년
1708,20210512,동 만톤 제조회사임
1709,20210512,고아연
1710,20210512,오늘 개인들만 털렸네요
1711,20210512,다 팔고 hmm 가
1712,20210512,오늘도 버티신 주주님들 화이팅
1713,20210512,공매도를 대응하는법 가르쳐드립니다
1714,20210513,물량간수 잘 합시다
1715,20210513,오메 양전
1716,20210513,아연이가 달라졌어요 
1717,20210513,얘 왜이러냐 ㅡㅡ
1718,20210513,오늘도 잘 버티신 주주님들수고 하셨습니다
1719,20210514,해운운송주 벌크선 수혜주 아시쥬
1720,20210514,아연샀음
1721,20210514,암호화폐 작살
1722,20210514,아직 확신이 안서네요
1723,20210514,추세이탈 끝
1724,20210514,이번 하락에 개미들이 어디를 많이 샀냐
1725,20210514,겁나 빼내요
1726,20210514,주봉과 월봉이
1727,20210514,외인이 샀네요
1728,20210514,오늘 같은 날 고아팔고 삼전 하이닉 살 생각한 분들
1729,20210514,월요일
1730,20210515,외인 기관 공매도 상환기간 설정 국민청원 동참  합시다
1731,20210516,월욜 종가 맞추기
1733,20210516,크게 가는데 이상 없다
1734,20210516,더벨
1735,20210516,공매도 상환기한 두면 효과 있을겁니다
1736,20210517,매수하기    딱 좋은리
1737,20210517,ㅋㅋㅋ 다이나믹하네
1738,20210517,인플레이션 호재주가 왜 떨어지는거야
1739,20210517,추매 했따
1740,20210517,오랜만입니다
1741,20210517,아직 인플레이션 시작도 안 했는데 왜 여기서 공매 폭탄맞고있냐
1742,20210517,실적 왕인디
1743,20210517,프리포트 맥모란
1745,20210518,아씽 이래서 떨어질때마다 추매해야하는거구나
1746,20210518,오늘 무슨 일 있나요
1747,20210518,posco처럼
1748,20210518,아연 선물은 전고점을 또 돌파했네
1749,20210518,잘 가는구나 좋아
1750,20210518,김부겸 싸랑해요
1751,20210518,년 월 고가 만원
1752,20210519,금값 개월내 최고가 갱신
1753,20210519,안녕하십니까 주주님들
1754,20210519,만명 돌파 은성수 위원장 진사퇴 촉구
1755,20210519,min  max   mid   avr 
1756,20210520,낼 겝하락
1757,20210520,너무 고점인데
1758,20210520,짜증나는놈임
1759,20210520,고려아연은 하반기갈수록 재평가될듯
1760,20210520,오늘 쬐끔 추매
1762,20210521,역시 개잡주
1763,20210521,한달전이랑 주가가 똑같네 ㅋㅋㅋㅋ
1764,20210522,유사트롯歌鬼와 歌神
1765,20210523,고려아연의 매출은 아연연이 오십프로 은이 삼십프로 금이 십프로 비중이죠
1766,20210524,김부겸총리님 고려아연 좀 올려주세요
1767,20210524,금값 오른다고 계속 기사 나오길래 재진입
1768,20210525,빠질거 같으면서도 버티는 느낌
1769,20210525,쭈욱간다 위로
1770,20210525,기술적 지표는 많은것을 말해주지
1771,20210526,불안하다
1772,20210526,오우 여기도 선 깨버렸네
1773,20210526,에 아가리 쯔어어어억
1774,20210526,이해불가 주식 고아
1775,20210526,공매도인가
1776,20210526,내일 엄청 떨어질듯
1777,20210526,팩트
1778,20210527,어제 UBC 악재 뜨마 오늘 시초가에 던짐
1779,20210527,압수수색
1780,20210527,고려아연 멀지 않은 신성장 사업 모멘텀
1781,20210527,펙트 알려준다
1782,20210527,알아서 판단할 것
1783,20210527,It can be falling  After some crash it will soar heaven 
1785,20210527,맥모란
1786,20210528,여긴 너무 올라있어서
1787,20210528,코닥 종목을 아시는분 있으신가요
1788,20210530,공매대상은 아니죠
1789,20210530,하한가
1790,20210530,내일 무조건 튀어라 급락이다 보고와 
1791,20210530,장투하다 망했네
1792,20210530,사람 죽이는 회사는 망해야한다
1793,20210530,망한게야
1794,20210530,만원
1795,20210530,언론사에 광고안넣주나보내
1796,20210530,시 에 떴다
1797,20210530,에고
1798,20210530,마하봤냐
1799,20210530,아이고
1800,20210530,억울해할까봐 말하면
1801,20210530,대단한 거품이네
1802,20210530,휴일날     명사망  고려아연
1803,20210530,돔황챠
1805,20210530,삼고빔
1806,20210530,아연제련공정 원래 유독가 다발
1807,20210530,산업재해는 주가와 상관없다
1808,20210530,주모 여기
1809,20210531,철강금속 섹터수급 차량용 반도체로 넘어갔다
1811,20210531,월 증시일정
1812,20210531,사망사건  화환과
1813,20210531,안전이 최우선입니다
1814,20210531,싸게 주워 먹고 싶은 사람들이 많군요
1815,20210531,오늘 하한가
1816,20210531,잘 판단 하시길 
1817,20210531,대피하랏
1818,20210531,작업
1819,20210531,부도덕한 업체네
1820,20210531,ㅋ
1821,20210531,날로 드실려는 분들이 너무 많구만ㅋㅋㅋ
1822,20210531,사람죽어나간 회사가 문제가 아니다
1825,20210531, be falling  m crash 
1827,20210531,내일 하한가네요
1828,20210531, 하락 
1829,20210531,떳네
1830,20210531,저녁보니 끝났네
1831,20210601,고려아연  뜻이
1832,20210601,ㅋㅋ 여기 찬티들보니
1834,20210601,공장에 원귀가 가득해요
1835,20210601,오늘 하락
1836,20210601,이상은 빠지것네
1838,20210601,추매기회네
1839,20210601,똥파리들은 어찌 이리 한결같이
1840,20210601,보고
1842,20210601,오늘은 한 빠지겠네
1844,20210601,내말  좀 들어라
1845,20210601,아놔 이 개똥파리글 외지우냐
1846,20210601,아놔 당했네
1847,20210601,사명변경 고려아연고려장아연
1848,20210601,안타깝다
1849,20210601,다시 짜를 향해
1850,20210601,사업부장공장장 모가지를
1851,20210601,떠날사람 빨리 떠나라
1852,20210601,깨지면 다이빙하겠네ㅋㅋ
1854,20210601,굳이 좋은 회사 많은데
1855,20210601,공장 한달닫으면 분기실적 좃망이겠네
1857,20210601,만원에서 애궤뤼 쯔어어어억
1858,20210601,양아치 회사
1859,20210601,감독기관
1860,20210601,ok
1861,20210601,개월 영업정지
1863,20210601,만원대로 주일 내내 추세적 하락 그리고 문 잠근다
1864,20210602,진짜 여기 종토방 틀딱들 댓글 왜캐웃기냐ㅋㅋ
1870,20210602,낙동강환경파괴 의혹
1871,20210602,안티가 많다주가 상승
1872,20210602,갭하락으로 시작될 듯미장 양대지수 하락
1873,20210602,꼭 지 앞가림도 못하는 것들이
1874,20210602,고려아연 폭락
1875,20210602,acea은 고려아연 홍보실 직원
1877,20210602,정부는 어차피 권력유지가 목표이니
1878,20210602,acea님 쉿 좀 조용히 해주세요 다들 수익 잘내고 있으니까 주주시면부탁드립니다 
1879,20210602,판에 지옥가네ㅋㅋㅋ
1880,20210602,안전사고 악재 아직 해소 안됐음
1881,20210602,여긴왜 떡락한건가여
1882,20210602,가만 내비두면 오른다
1883,20210602,겁나 무거운 잡주
1884,20210603,끝없는 하락
1885,20210603,지하실간다
1886,20210603,외인이 계속 조지네
1887,20210603,대단한 주식임코피 일 연속 상승할 동안
1888,20210603,오늘은 acea이 안보이네
1889,20210603,노동 
1890,20210603,솔직히 이 회사 쓰레기 아님
1891,20210603,울고 싶은데 뺨 맞았다
1892,20210603,만원 부터 분할매수
1893,20210603,내일부터 풀매수해야지ㅋㅋ
1894,20210603,살인환경파괴
1895,20210604,인플레이션 공포로 인한 금값 상승
1896,20210604,액면분할해야한다
1897,20210604,얼마전에 기사뜨마 손절했던형이다
1898,20210604,한심한 넘
1899,20210604,ㅋㅋㅋㅋ 정부에서 찍어서 고강도 조사 한다는데
1900,20210604, 내가 입성했다
1901,20210604,오늘 주봉과 일봉상 도지정도로 마무리부탁드려여
1902,20210604,오늘 만약 빨간윗망치 나오면 추세전환입니다
1903,20210604,오홍홍 좋아용
1904,20210604,부겸아 부탁해
1905,20210604,고려아연 힘내라
1906,20210604,시간외 상 한번 맞아보는게 소원입니다
1907,20210604,요레 살살 빼다가
1908,20210604,중대재해 작업중지 명령
1909,20210604,오늘 풀매수 진입함
1910,20210604,다음주  공매도 커버링 나오면서 불꽃상승가능ㅋㅋ
1911,20210604,와 차트가 무슨 지옥으로 계단 만들어놨네
1912,20210604,무쟈게 눌러되네  
1913,20210604,작업중 명 질식사
1915,20210605,구리값 올랐네
1916,20210605,개미들의반란 카페로 초대합니다
1917,20210605,아연가격  상승
1918,20210606,광석가격 차상승 릴레이 시작네요
1920,20210607,손절했다 에 다시받는다
1921,20210607,올라가 아연아
1922,20210607,아 형 그만해ㅋㅋ
1923,20210607,나 진짜 화났어
1924,20210607,아연아 화이팅
1925,20210607,얘는 당분간 매수 금지임ㅋㅋㅋㅋ
1926,20210607,아연이진짜
1927,20210607,주가가 연속 거래일 하락이 작업 사망 때문
1928,20210607,고아는버티는주식
1929,20210607,오늘 연기금 무비한 투척
1930,20210607,너무뻔하게 일봉일선에서 반등주진않겠지
1931,20210607,일선이랑 일선까지 내리면 개미 너무붙어
1932,20210607,공매도는 엄청줄고 대차상환은 엄청늘었어
1933,20210607,조업중지 기본 주
1934,20210607,ange 추잡하게 글 삭제하네
1935,20210608,ㆍ엘디탑이 정석투 동학개미를 모십니다
1936,20210608,조업 중지 보다는 폐쇄 시켜야 될듯
1937,20210608,우와아아아
1938,20210608,풀매수 전시드 방금 다박았다
1939,20210608,지금부터
1940,20210608,오늘 외국인 매도 거센데 안내려가네
1941,20210608,진짜 이런넘은 봐도봐도 첨 본다
1942,20210608,응 외국인 전일대비배를 파는데 안떨어지네
1943,20210608,아가리 쩌억 전법
1944,20210608,외국인 판에 주 다시 사들였네ㅋㅋ
1945,20210608,몰랐던 아연기사낼 상한가
1946,20210608,고려아연은 이제 슬슬 액면분할해야지
1947,20210608,김부겸 현재 국무총리 사돈기업이 뭐다
1948,20210608,고려아연 주포 평단가 알아보기
1949,20210609,대 매수 대기중
1950,20210609,떨어지는 이유
1951,20210609,얘는 딱 에사면
1952,20210609,ㅋㅋ
1953,20210609,잘가ㅋㅋㅋㅋ
1954,20210609,골드만 지속적인 공매 오늘 혼 외롭게 지럴떨고있네 ㅋ
1955,20210609,고려아연 적정가격
1956,20210609,어차피 한번 보고 갈거 아녀
1957,20210609,허미 불쌍해라ㅜㅜ
1958,20210609,금융투형 화도 안나
1959,20210609,금투형 신토불이도 몰라
1960,20210609,일손  타고  이쁘게  내려가네요
1961,20210609,월 기업 동향과 전망화학 정유 방산
1962,20210609,        
1963,20210609,오늘도 우리형 금투는 물렸다
1964,20210609,골드만 뭔데 장판에 주 다시 사들였는디
1965,20210609,아으 ㅋㅋㅋ배당금 받았던 닝겐임
1966,20210609,일 동안  멈추지 않고 내리는 놈
1967,20210609,년 배당주 선
1968,20210609,여기 공무원 뇌물 주는 회사 아니여
1969,20210609,진짜 천하의 개잡주
1970,20210609,천원짜리 회사가 엄청 올랐네ㅋㅋㅋ
1971,20210609,이런 이쁜차트 너무좋네
1972,20210610,대고 그린거마냥
1973,20210610,아연 가격 상승
1974,20210610,골드만매도 멈췄고 어제  단타개미물량프로그램
1975,20210610,웃긴게 울산 주민은 고려아연 편임
1976,20210610,농협하나 금융투가 주도하는질서 거를수없지
1977,20210610,기부왕 고려아연
1978,20210610,내리는건 쉬운데 올리는건 드럽게빡세네
1979,20210610,농협금융투 물러나라 물러나
1980,20210610,오늘 삼성개미단타물량 금융투가 다 받아먹는다
1981,20210610,고려아연 조정 완료
1982,20210610,야 좀 가
1983,20210610,고려아연 회사 가치 대비 바겐세일 중
1984,20210610,외국인기관은  팔고
1985,20210610,공매 좀 되네 
1986,20210610,외궈들 일봉일선 위로 못타게 발악하지만
1987,20210611,  테트
1988,20210611,그저께 골드만 어제 cs  오늘 모간ubs
1989,20210611,상승직전 호가창 특징
1990,20210611,원에 있는 벽은 상승트리거 벽이야
1991,20210611,시간봉보니까 시쯤 파동한번오겠다
1992,20210611,방향 좋아 
1993,20210611,이헌 주식
1994,20210612,baddest x
1995,20210612,오 많이 내렸네요
1996,20210613,고려아연 최신기사
1997,20210613,주가 하락
1998,20210614,든든한 가치주  단기 수익 조합
1999,20210614,금융투기관 파이팅
2000,20210614,외국인들 길들여졌노ㅋㅋ
2001,20210614,일본인의 눈물  이제 곧 한국인의 눈물
2002,20210615,공장절반이 멈춰도 오르는데 재가동 되면 떡상이네ㅋㅋ
2003,20210615,공장 재가동고려아연 상한가치는날
2004,20210615,금융투기관이 매집하는이유
2005,20210615,매집구간 만원까지하네ㅋㅋㅋ
2006,20210615,밑에 오바 드립치는 개미들보니
2007,20210615,외국인 매도 멈췄네용
2008,20210615,내가 에 주몰빵쳤을때 반응 어땠냐
2009,20210615,외국인 매수로 전환함 
2010,20210615,외궈색끼들 장외로 들어올라고 틀어네ㅋㅋ
2011,20210615,일 감사결과 나올 때까지는 홀드 추천
2012,20210615,고려아연 시간전 최신
2013,20210616,늘 조금 아쉬운 고려아연
2014,20210616, 추모합시다
2015,20210616,개 시펄
2016,20210617,올라라 
2017,20210617,매수창쌓이네ㅋㅋ 이러면 그날 공치는건데
2018,20210617,오늘 못올라 못올라
2019,20210617,지원
2020,20210617, 지금 손절치게 하려고
2021,20210617,야 밥이나 먹고오고ㅋㅋㅋ
2022,20210617,금투애들이 만원에만 억넘게 물려있어
2024,20210617,얘들아 뿌듯하지않니
2025,20210617,공약 매일 주씩 구입하겠습니다
2026,20210617,이젠 
2027,20210617,이것도 액분할 해야한다
2028,20210617,속보속보
2029,20210617,금은아연납구리 폭락
2030,20210618,코로나 백신 주사기라도 만들어라
2031,20210618,원재주
2032,20210618,원재 올라갈때 고려아연 그대로
2033,20210618,금 아연 오를때
2034,20210618,초반이면
2035,20210618,다시 원재 급등중
2036,20210618,속보속보 
2037,20210618,금은 각종원재 폭락중인데
2038,20210618,카카오는 코로나 전보다 올랐는데 고려아연은
2039,20210618,시원하게  쌍바닥함찍던지ㅋㅋㅋ
2040,20210618,근데 내가 느끼는건데
2041,20210618,너네 이제 큰일났다
2042,20210618,고아녀석
2043,20210618,로또 등이나 됐으면 좋겠다
2044,20210618,For the first time 
2046,20210618,장기투
2047,20210619,느긋하게 기다려라
2048,20210619,여기는 액면분할 안하나요
2049,20210619,야들아
2050,20210621,원 된다면
2051,20210621,저번주 공시 소문 뻥인가요
2052,20210621,원래물리면 장투고 가치투야
2053,20210621,전국 만고려아연주주대표로써 입장표명합니다
2054,20210621,전방에 힘찬 함성 발사
2055,20210621,원에 물림ㅜ
2056,20210621,고려 잡주
2057,20210621,증권시장 우량주중 가장 악날한놈
2058,20210621,선넘네ㅋㅋㅋ
2059,20210621,오늘  코리아아연 멸망의날로 임명합니다
2060,20210621,고려아연 부도났냐ㅋㅋㅋ
2061,20210621,오늘  션하게 내리네
2062,20210621,고려아연 주포마음씀씀이가 크네ㅋㅋ
2063,20210621,안녕하세요 고려아연 주주님들
2064,20210621,우흥 평단 로 낮췄다
2065,20210621,밟을수록 새싹을 피우는 나란사람
2066,20210621,이 분위기면 짜도 깨지것네
2067,20210621,나는 틀렸다 다른곳에가거라
2068,20210621,여기는 
2069,20210621,마원 초까지 내리면
2070,20210621,고려아연 개미들 축제다 축제ㅋㅋ
2071,20210622,어이 친구들 또 못줍고있나
2072,20210622,다음달 빨리오고 고아 안올라갔음 좋겠다
2073,20210622,오늘 못넘겠는데ㅋㅋ
2074,20210622,죤나부럽다 색끼들아
2075,20210622,에이 오늘 재미없게 끝났다
2076,20210622,해주최씨준극경수기호종중 최재형관련주
2077,20210623,오늘 개미들 좀 털렸노
2079,20210623,여긴 중간 배당 줍니까
2080,20210624,수고들했다
2081,20210624,머야 판에 외궈들 들어왔네ㅋㅋ
2082,20210624,나 꼴비기 싫으면 주가 올리시든가ㅋㅋㅋ
2083,20210625,속보 속보 미장 철강 개떡상했다
2084,20210625,카카오처럼
2085,20210625,난 일단 피신했다
2086,20210625,신규주주 인사드려요
2087,20210625,고려아연 다음주 고꾸라지는이유
2088,20210625,주식이 너무 무거워요 액분좀 합시다
2089,20210627,개월안에 만원 되어있다
2090,20210628,어때 cs한테 당하니까 정신이 들어
2091,20210628,현 금리 고려 만원이상이 적정가
2092,20210628,약간지능이 모란 그런거아닐까 퓨
2093,20210628,야 너넨 고려아연 무조건 오른다며ㅋㅋ
2094,20210628,질문
2096,20210629,cs 양념맛이 어때ㅋㅋㅋ 이제정신들어
2097,20210629,진짜 궁금한게 있어요
2098,20210629,와 누가 내 아연이 주식 빌려갔네
2099,20210629,부지런히 부지런히
2100,20210629,씨는 바닥에 뿌려야지ㅋㅋㅋ
2101,20210630,여기는 지분 싸움 안하나여
2102,20210630,어때 아직도 cs 매운맛이 안느껴져
2103,20210630,와 공매 죽이네ㅋㅋ
2104,20210630,어이 저기밑에 원까지 개매수벽보이지
2105,20210630,기다림 
2106,20210630,오이오이 아직 덜맞았냐고ㅋㅋㅋ
2107,20210630,다음주 정상화 예정
2108,20210630, 이제 왼뺨도 내밀거라
2109,20210701,cs또 나대죠ㅋㅋㅋ
2110,20210701,거래원 매수상위 키움 cs ㅋㅋㅋ
2111,20210701,cs  이제 알겠지
2112,20210701,전군대피하라
2113,20210701,단기간에 재산을 배로 불리는 기법일본인의 눈물 中에서
2114,20210701,혹시 전인구경제연구소 보고 입성하신분 계신가요
2115,20210701,타점 준비해 다다음주
2116,20210702,고려아연도 시설동화 로봇도입 유독가폐수회수정화재사용
2117,20210703,주식시장 호황인데
2119,20210704,나만 아는 비밀알려줄께
2120,20210705,교도소에 갔다 오니 주식이 엄청 올랐다
2121,20210706,고용노동부 적발건수 건 이건 뭐 완전 ㄱㅆㄹㄱ 회사
2122,20210706,망하기 일보 직전
2123,20210706,시동걸었으면
2124,20210707,추천받고 샀는데
2125,20210707,경제학는 주식에서공인중개사는 특히 아파트에서 개미는 모든 곳에서 항상  깨지는 아이러니
2126,20210708,주식 시황 섹터별 전망 섹터별 종목 등 잘정리되어 있는 티토리블로그
2127,20210708,리크 해소 ㅎ
2128,20210709,ESG 경영 구축에 힘쓰고 있다는 시사를 띄어주길
2129,20210709,말아올렸넹ㅅ
2130,20210709,골드만삭
2131,20210712,주인장 돈 쓸때가 쫌 있어서일부 정리했는디 
2132,20210712,돈 좀 풀어라
2133,20210712,고아는
2134,20210712,여기 배당금
2135,20210713,전지박 사업을 하면
2136,20210713,공매도 타깃 되려고 그러나
2137,20210713,OOO 만원짜리가
2138,20210713,근데 개관은 왜 계속 야곰야곰 사고있
2139,20210713,더도말고 덜도말고
2141,20210713,뭔일있나요
2142,20210713,낼 날려가것다
2143,20210713,전구체 공장
2144,20210713,내일 상한가 각이네
2145,20210713,뭐여 굿는
2146,20210713,이거 찐인가요
2147,20210714,과하다 과해
2148,20210714,천천히 층간다 기다리라
2151,20210714,전형적인 개미꼬시기 튀어야함
2152,20210714,꽉잡아나라
2153,20210714,왜 날라가니
2154,20210714,Lg랑 고려아연 배터리회사만든답니다
2155,20210714,층에 들어갔는데
2156,20210714,오 최대의 호재 lg엔솔이랑 합작
2157,20210714,ㅎㅎㅎ역시 난 를 볼줄 알아 ㅎㅎ
2158,20210714,드럽게안움직이던게 오늘 왜이리오름
2159,20210714,이유가
2160,20210714,이게 웬떡이냥ㅎㅎ
2161,20210714,아 이제 
2162,20210714,염블리
2163,20210714,조온나게 무거운게 오늘 왜 움직이지
2164,20210714,지금 가격도 싸다 
2165,20210714,코봉아 보고있나ㅎㅎ숏커버 들어오면 날아 가겠징 ㅎㅎㅎㅎ
2166,20210714,갑기
2167,20210714,뭔일이고 
2168,20210714,Lg와차전지소재 합작사
2169,20210714,거래량 터졌다리
2170,20210714,차전지다 
2171,20210714,서울경제 신문에 lg화학과 mou 체결 떴어요
2172,20210714,난 믿고 있었다
2173,20210714,설마 사실무근
2174,20210714,숨 쉬기가 힘들어요
2175,20210714,마지 탈출 기회 ㅋㅋ
2176,20210714,설마 상장이후 처음으로
2177,20210714,어차피 마디가 은 찍으니 걍 안심들 하셈
2178,20210714,인플레이션 최대 수혜주
2179,20210714,엔솔 말고도 개쩌는 매수이유잇음
2180,20210714,아니 무슨일이고ㅋㅋㅋ
2181,20210714,Lg보다 비싸야한게 고려아연이다  제련기술 세계최고
2182,20210714,제의 Lg화학이 고려아연이다
2183,20210714,이거 너무 큰 그림이다
2184,20210714,전고는 무조건 깹니다
2185,20210714,lg전도 상 쳤었지요
2187,20210714,고려아연 가지고 계신 분 체크해야해여
2188,20210714,오늘 좀 많이 올랐다고 광고글 겁나 많네
2189,20210714,물리면
2190,20210714,오전장 고려아연 급등주 이유
2191,20210714,주가관심없고
2192,20210714,고려아연도 이제 전기차 밸류
2193,20210714,전구체동박
2194,20210714,오늘 매수 ㄱㄱ
2195,20210714,회사 그만두고 
2197,20210714,전기잘통하는 금은동
2198,20210714,쓰레기 광고글
2199,20210714,무슨일인가요
2200,20210714,여기에 광고글 올리는 애들 특
2201,20210714,최윤범 잘한다
2202,20210714,공매도파산 K탑 운동 동학개미 전원 참여합시다
2203,20210714,아침에 프로만 먹고 갔다
2204,20210714,에 팔어라
2205,20210714,LG화학 발표내용
2206,20210714,고려아연 적정가 이쯤 되나
2207,20210714,와 이정도 호재라고ㅋㅋ
2208,20210714,광고글이 반갑구먼 ㅎㅎ
2209,20210714,요 몇일부타 상승세가
2211,20210714,거래량을 동반한 강한 상승 무조건 오르는 주식 
2212,20210714,좀 올라라제발
2214,20210714,와우 아직도 이가격
2215,20210714,그냥 딴거 찾어
2216,20210714,오
2217,20210714,이런 초대형주까지도
2218,20210714,수급 머임
2219,20210714,고려아연은  배터리 소재업체들과 키맞추기에 들어갔다
2220,20210714, 
2221,20210714,LG화학이 니켈금속을 중국이 아닌 고려아연에게 공급 받을려고 하는구나
2222,20210714,차전지 재료  니켈 만 있는게 아니죠 망간
2223,20210715,엌ㅋㅋ 이건 실적이나 미래성 때문에 뜬거 아닌 ㅋㅋㅋ
2224,20210715,어제 많이 오른 거 같지만
2225,20210715,오늘 왠만한 개인 싹 털려나가겠구나 
2226,20210715,끝났고만 이제 시황따라 움직이겠네
2227,20210715,전구체사업 가벼운종목
2229,20210715,양극제 기업의 중국리크 해소
2230,20210715,대항해시대
2231,20210715,주포 운전 지린다 
2232,20210715,리포트가 약하다
2233,20210715,리포트 목표주가 넘 낮다 생각 안하세요
2234,20210715,JP모간도 매수 들어 왔네기관들도 안담수 없겠지
2235,20210715,고려아연 분기 매출 써프라이즈 예상
2236,20210715,오늘  사이 상승하게 될것이다
2237,20210715,개미털이에 당했다 ㅜㅜ
2238,20210715,어제 내가 만원 간다고 했냐 안했냐
2240,20210715,오늘 만원 찍고
2241,20210715, 오전에 털리신분
2242,20210715,최재형주 잘오르네
2243,20210715,연말에나봅세
2244,20210715,이중바닥 신고가 떳네
2245,20210715,이싹줍기
2247,20210715,애증의 고려아연
2248,20210715,난 
2249,20210715,차전지 만든다니까 목표가 나오기시작하네 ㅋㅋㅋ
2250,20210715,고려아연 점진적 상승 예상
2251,20210715,종가가 신고가다
2252,20210715,배당 말이야
2253,20210715,이차전지전구체전해동박 산주에서성장주로
2254,20210715,갭쟁이들 말들어보면
2255,20210715,금일 시장 이슈 총정리
2256,20210715,작은 소망
2258,20210716,장기목표가
2259,20210716,아연 떡상 
2260,20210716,이렇게 훅오르면 어찌해요
2262,20210716,고점 고점
2263,20210716,JP모건 외국인 계속 매수중이네 어제부터
2264,20210716,좀 더 빼주믄 안되나
2265,20210716,팔지마세요 여러분
2266,20210716,개미들아
2267,20210716,이제 부터 아연이는 매수매도 없이 홀딩이다
2268,20210716,커 커 
2269,20210716,LG화학이 고려아연계열 켐코지분인수가능성
2270,20210716,LG에솔조이 대놓고 MA 노리는 기업들
2271,20210716,얼마만이냐 만원 터치
2272,20210717,세경영 혁신기대 성장동력양극재전해동박구리아연성장주
2273,20210718,볼매 환골탈태  최윤범 리드쉽
2274,20210718,모멘텀 살아나냐
2275,20210718,근데 켐코 JV 몇년전꺼 아니냐
2276,20210719,여기가 끝인가
2277,20210719,nh증권 리폿 개미털기냐
2278,20210719,끝
2279,20210719,진짜 더럽게 레포트 적네
2280,20210719,어여 정리하
2281,20210719,이번에도 기대했으나 끝
2282,20210719,더 모으고 싶다
2283,20210719,추매했음
2284,20210719,밧테리사업
2285,20210719,시장관심밖에서 인사로
2286,20210719,영풍그룹 한지붕 두가족기관의 이 시점 디 리포트라
2287,20210719,배팅구간
2288,20210720, 리를 주신다면
2289,20210720,차 전지
2290,20210720,요즘 고려아연이야기 나와서 봤는데
2291,20210720,김부겸
2292,20210720,빼기면않됨
2293,20210720,왜 고려아연에 투하는가
2294,20210720,육시할기관넘들
2295,20210720,계속추매추매
2296,20210720,여기저기
2297,20210720,한국은 이차전지 전구체가 절대적부족 선제적 투로 경쟁력 확보 기대
2298,20210720,고려아연 분석료이정도는 알고 투해야
2299,20210720,지분전쟁 초입ㅎ
2301,20210721,신설법인 가동 공시까지
2302,20210721,개관들 이 악물엇다
2303,20210721,아 달달하다
2304,20210721,백만고려
2305,20210721,고아의 재평가
2306,20210721,어제 털린 호구 입니다ㅜㅜ 
2307,20210721,주식 어렵네
2308,20210721,다음 타켓
2309,20210721,왜 오르는건지
2310,20210721,It is Prosperity after sale
2311,20210721,포코케미칼의 사업 모델과 유사
2312,20210721,광고충새ㄱㄱ들
2313,20210721,차전지 소재 진출 고려아연 년개월來 최고가포코케미칼과 사업구조 비슷
2314,20210721,와 이거 심상정치 않네
2316,20210721,광고충거지
2317,20210721,고려아연 대주주 영풍도 괜찮을듯
2319,20210721,그야말로
2320,20210721,에 털고 나갑니다다들 화이팅
2321,20210721,기후위기 주범이다
2322,20210721,아직까지 매력있는 가격
2323,20210721,일부팔고 나머진 홀딩
2325,20210721,합회사 사장 발표전까진
2326,20210721,이익도 않나고
2327,20210721,이종목은 단기급등시 급락하는 종목입니다
2328,20210721,한주도
2329,20210721,신용미수전재산몰빵 상가 집산다 대장만잡아라 
2331,20210721,내일 기대되네
2332,20210721,염이사가 구조적 성장이라고 언급하면
2333,20210721,광고거지충
2334,20210721,NH 변종만
2335,20210721,찬티가 바글바글한거보니
2336,20210721,얘는 zinc silver 시세는 무시하고 올라가낭
2337,20210721,신고가 
2339,20210722,오늘  아님 
2340,20210722,관전포인트
2341,20210722,백만고려출발황산니켈동박전구체 생산 사업 밸류체인
2342,20210722,상승초입 조정주면서 가야 멀리가는데냉무
2344,20210722,미원상사
2345,20210722,잘먹고 갑니다
2346,20210722,역시 고려아연이 고려아연 했다
2347,20210722,장난질 심하네
2348,20210722,전구체로 조 올렸음 개많이 올린거지
2349,20210722,그동안 감사
2350,20210722,고저
2351,20210722,고려아연이
2352,20210722,내일도 오늘처럼 오를까요
2354,20210722,차 매수목표가 근처
2355,20210722,시간외   천  냉무
2356,20210722,증권시장 이슈들 정리
2357,20210723,개인
2358,20210723,좋겠다
2359,20210723,억 박아야겟다
2360,20210723,NH투 공매도 물량 어쩔껴
2361,20210723,으악 어제 털렷다  OOO
2362,20210723,품절주 진입유통물량 분석
2363,20210723,생각을 해봐 가치주에서 성장주가 된거잖아
2364,20210723,주포 누구지
2365,20210723,쫌 쫄린다
2366,20210723,갈라나
2367,20210723,기대가 큰만큼 실망도 크다
2368,20210723,고
2369,20210723,벨트 매라
2370,20210723,이거 뭐야 무서워
2371,20210723,고려아연 비구체적인 전구체 사업투의견 하향NH
2372,20210723,매도벽낮다
2373,20210723,ㄱ
2374,20210723,보물같은 아연
2375,20210723,신고가 찍을 듯
2377,20210723,ㅋㄷ
2378,20210723,효성 형제
2379,20210723,이낙연 부랄친구 확인하기
2381,20210723,고려아연 놓치신분은 영풍도 괜찮을듯 
2383,20210723,에 팔 마 흐르노
2384,20210723,고려
2385,20210723,쩝
2386,20210723,부릉부릉
2387,20210723,장투로 어때요
2390,20210723,쓰바
2391,20210723,이쁘다 
2392,20210723,차전지 고려아연 앞으로 어떻게 될까 궁금하네요
2394,20210723,꽉 쥐고 있구요
2395,20210723,내려오지 않으니추매도 못하고
2397,20210723,으아
2398,20210723,악플에 디하는 넘들 그리고 흔들리시는 분들
2399,20210723,성투
2400,20210723,ㅠㅠ 흑흑 장투 하려고 뭍어놨어요
2401,20210723,좀 천천히 가
2402,20210723,호가창 보고 있으려니
2403,20210723,고아개미님들께
2404,20210723,돌파 못하면 또 추락 할것 입니다
2405,20210723,너무 무거워 액면분할 하는게 어떨까
2406,20210723,고려아연 사 모으면
2407,20210723,단기는 잠깐 빠졌다
2408,20210723,오른다 더
2409,20210723,고노고 행님아 땡큐요
2410,20210723,찍는다
2412,20210723,목표가 제시 부탁드립니다
2413,20210723,KSTOP 오픈 단톡방 및 한투연 카페 소개
2414,20210723,ㅉㅉ
2415,20210723,지금 들어가면 쳐 물리기 딱 좋은 리네
2416,20210723,ㅍㅎ
2417,20210723,기관이 계속매입한다는건
2418,20210723,죄송합니다
2420,20210723,죄송합니다 김영택씨에게 관한 재밌는 글
2421,20210723,시외거래 급등주들 나열
2422,20210724,증권사별 시간외 목표가 분석
2423,20210724,돈 놓고 돈 먹기
2424,20210724,한치앞을 모르는게 주가
2425,20210724,걱정도하지마시라
2426,20210724,애증의 고려아연으로
2427,20210724,동박 절벽 대박주가는 좀 쉬 털렸다
2428,20210725,엘지화학
2429,20210725,외궈는 팔고 개관은 사고
2430,20210725,매도하는 사람은 레알 바보지
2431,20210725,삼성이 본사 사옥까지 팔아서 조를 대기중인 이유
2432,20210725,신규매수는 한발 늦었음 개관 외궈 확빼면 만원까진다시밀린다
2433,20210725,주린들아 찐피셜이다
2434,20210726,이제 선수들 영역입니다
2435,20210726,속보저평가된 기업
2436,20210726,누가 나 보고 있습니까
2437,20210726,외국인이 이기고 있음
2438,20210726,얼마까지 본다구요
2440,20210726,한 번사면  못 팔주식평생 배당금 받으며 살
2441,20210726,오늘도 연기금이 매수허네
2443,20210726,회사가 너무 점잖아
2444,20210726,다시사야하나
2445,20210726,슈팅 이후 눌림목 매집구간
2446,20210726,LGSK소재전쟁LG라인베팅고려아연솔첨
2447,20210727,Hpal이 아니네
2448,20210727,아화이팅
2449,20210727,본금억유보율면 현금 조조 있다더만
2450,20210727,하늘이 도운 고아의 절호의  투 기회
2451,20210727,역시 개관넘들의 공매도를
2452,20210727,개낮네
2453,20210727,역시 기대를 저버리지 않는 유애비 개종
2454,20210727,오늘도 공매도 
2455,20210727,호실적 선반영
2456,20210727,단타로 왔으면
2457,20210727,긴급 
2458,20210727,개관들 신났네신났어
2459,20210727,얘들아
2460,20210727,완전독점부의 몰락Riches Collapse을 피하는 방법
2461,20210727,고려아연 참고료
2462,20210727,좀 더 심하게 흔들어 주세요
2463,20210728,고려아연 직원들 대우 쫌 더해줘라
2464,20210728,Nh증권 레포트
2465,20210728,효섬첨단도  인데
2466,20210728,nh 이석들 모냐 
2467,20210728,ㅎ갈놈은 간다
2468,20210728,Nh  유안타
2469,20210728,진득하게 기다리
2470,20210728,하락은
2471,20210728,잘못한건가
2473,20210728,나도 개미지만
2474,20210728,역주행 투피하라월급쟁이와 가난뱅이가 부되는 방법있다
2475,20210728,금파는 회사구만 대박이네  분기억벌엇네
2476,20210728,고아도 결국엔 이래 갈수밖에
2477,20210728,참 궁금하다
2478,20210728,급등에 따른 조정 예상
2480,20210729,무상증부탁드립니다 대표님
2481,20210729,저평가
2482,20210729,저평가된 주식
2483,20210729,고려아연 믿어
2484,20210729,왜 니들은 반대되는기업에 투하냐
2485,20210729,모두 고생하셨습니다
2486,20210729,악질 개관넘들
2487,20210729,국 철강 옥죄는 중국 국내 철강주 반등 기회 오나
2488,20210729,금이랑 은이 폭등하네
2489,20210730,미쿡 비철금속 차전지 반도체 폭등
2490,20210730,개관들아 쫌 다른거 없니
2491,20210730,회사 영풍은 폐베터리사업과 고려아연 가치
2492,20210730,떨어질때 매수 타는 개미들이여
2493,20210730,고려아연 고급 정보 알려준다
2494,20210730,아침에 팔았는데 
2495,20210730,LG와의 콜라보는 숙명
2496,20210730,순현금 조원 보유해마다 조억원EBITDA가 추가로 들어온다
2497,20210730,홍콩상하이에서 매수가 들어와
2498,20210730,멸치어쩌냐 ㅋㅋㅋ
2499,20210730,지수 하락하는데 오르네요
2500,20210730,고러아연
2501,20210730,장이 안좋은데 잘가네
2502,20210730,아연이 오늘은 덜도말고 에서 종가가잣
2503,20210730,매일 프로씩만
2504,20210730,고아 년 투하믄서
2510,20210730,공매LH 개고생
2511,20210730,지분경쟁 없냐 ㅡㅡ
2512,20210730,기관 또 순매수
2513,20210730,이거 연기금이 계속사면 품절주 된다
2514,20210730,삼전에서  놀러왔습니다
2515,20210730,올해 크게 갈듯 ㅋㅋ
2516,20210730,시외 상승주 정리
2517,20210731,이산가족상봉시 사진ㅡㅡ이북에  이모랑 문죄인얼굴 넝수닮았지
2518,20210731,중국시장 폭락과 시진핑의 본가 탄압 독재 영구화 최선호섹터
2519,20210731,달러와 금에 투하면 바보가 된다
2520,20210801,하반기 상승 업종
2521,20210801,일희일비 마셈
2522,20210802,사
2523,20210802,이번주 시나리오
2524,20210802,고려아연 단톡이에요
2525,20210802,단기만원
2526,20210802,느낌이 쏴하네
2527,20210802,갑기 기억나는 전설의 매도리포트
2528,20210802,개관들의 질문에 당당히 답하
2529,20210802,종가 마췄네 ㅋ
2530,20210802,외인 팔고 기관 사고
2531,20210803,후회하지마라
2532,20210803,이제 좀 가
2533,20210803,공매도 쩌네요
2534,20210803,만원에 아가뤼쭤어어억
2535,20210803,설마
2536,20210803,외인형아들
2537,20210803,폐배터리 보물 리사이클링 시장 경쟁 활활
2539,20210803, 선배님들
2540,20210803,IMF시절 전설의 매도리포트
2541,20210803,달러와 금에 투하면 바보가 된다는 강력한 증거
2542,20210804,응
2543,20210804,구리 광산 동향
2544,20210804,남들다간다
2545,20210804,과연 맞을까
2546,20210804,누군지 애쓴다
2547,20210804,전 종목중에 마이너
2548,20210804,일선밑으로천천히 일선 기다리죠  뭐
2550,20210805,전공시 분분석법
2551,20210805, 인내를 즐겨야 이긴다
2552,20210805,추미애의민낮ㅡ뻔뻔해도 낮짝이 무지 두껍따
2553,20210805,가격 올라도 쓸 수밖에호실적 예상되는 철강비철
2554,20210805,LGSK 라운드 돌입배터리 소송전 이어 소재전
2555,20210806,또 추매 타이밍왔네요
2557,20210806,ㅋ 급등한 이후 숨고르기에 매수 추천이라
2558,20210806,NH 투ㅋㅋㅋ
2559,20210806,LG에너지솔루션 상장시 관심 탑
2560,20210806,전고체사업 진행
2561,20210807,쫌 가
2562,20210807,전환사채  신주인수권  주식매수선택권 배정  톡옵션 관련된
2563,20210809,금주내 LG엔솔 상장 신청 결과 나올듯
2564,20210809,이차전지 양극재 쇼티지전구체 중요성 두각
2565,20210809,무증 해줘잉
2566,20210810,비금속 가격 계속내리는데  미래사업 언제
2567,20210810,동박공장 채용공고
2569,20210811,오늘도 열일하는 개관들
2570,20210811,선이탈
2571,20210811,시장 공매도
2572,20210811,추매 하고싶은데
2573,20210811,금일 가쉽들 모음
2575,20210812,상승으로
2576,20210812,만원 아가리 충님
2577,20210812,Class 니켈 만 돌파하는데
2578,20210812,재미는업지만 적금으론 삼전보다 좋은 주식
2579,20210812,전구체 다양한 차전지소재 사업진출
2580,20210812,개관들의 전거래 개미털기
2582,20210812,지금달러와 금에 투하면 돈 잃고 바보된다그 강력한 증거
2583,20210813,오늘고가에삼
2584,20210813,하반기 예상
2585,20210813,저가매수기회
2586,20210813,lg관련기사 입니다
2587,20210813,양극재 원료인 전구체 생산
2588,20210814,주 조정 굿 강력 장대양봉주 기대
2589,20210815,시외 상승특징주 리트
2590,20210815,일본인들은 년전부터 투할 곳이 완전히없어졌다한국도
2591,20210816,고아에대한 연기금 시각우리 연기금이 달라졌어요
2592,20210816,고려아연 호재 정리
2593,20210817,금값은 올라
2596,20210818,오늘 같은 날
2597,20210818,하이니켈시대켐코지분LG화학이황산니켈생산 부각
2598,20210818,금리인상 시작할거니 미리 사놔야한다
2599,20210819,고려아연 대표적기관주인데
2600,20210819,이놈은 테이퍼링 관련주임
2601,20210819,내가 갭 매운다 했지
2602,20210819,망했나
2603,20210819,젠장
2604,20210819,슬프네요
2606,20210819,비바람 그치면
2607,20210819,지수가너무 빠짐
2608,20210819,눈대중으로본다면
2609,20210819,오늘 수급과 차트
2610,20210819,증권가 주목 루머 모음
2611,20210820,호가창꼬라지
2612,20210820,이런 짜증나는  주식
2613,20210820,담에는 미국주식 하고싶다
2614,20210820,휘리릭
2615,20210820,될대로 되라
2616,20210820,어제부터 외인다시 들어오는거 보니까 
2617,20210820,언제까지
2618,20210820,대고구려의 후신 고려아연은
2619,20210821,시간외거래 상승 주목주 모음
2620,20210822,금과 달러투는 죽음에 이르는 길이다
2621,20210822,시간외 뜩상주들 정리
2622,20210823,V반등
2623,20210823,매수 신고 합니다
2625,20210823,lg 화학이랑 뭐한다며 안하나
2626,20210823,금 은 구리 가격 상승중인데 주가에 영향 크죠
2628,20210824,매수
2629,20210825,여기구리맛집  아닌가
2630,20210825,앞으로 밧데리 생산
2632,20210825,주식시장의 
2633,20210826,너
2634,20210826,개인들 매도세도 엄청나네
2635,20210826,금리인상
2636,20210827,공매도 주
2637,20210827,이종목
2638,20210827,알짜기업에공매도
2639,20210827,기관 화이팅
2640,20210827,아연아아연아
2641,20210827,공매도
2642,20210827,공매믄
2644,20210828,우리도 액면분할 좀 합시다
2645,20210829,부의 몰락원화의 저주
2646,20210829,우리도 액면분할 좀 합시다 한주당 너무비쌈
2647,20210829,이제슬슬
2648,20210829,찬바람이 불면 배당주
2649,20210830,공매도 그만해라
2651,20210830,숨어있는    
2652,20210830,이하까지
2653,20210831,저항받으려나
2654,20210831,그미국에 유명하신 워렌버핏 할아버지가 말씀하셨어요 작년에
2656,20210831,종토방 왜이래요
2657,20210831,에 반 털기
2658,20210831,오랫만에 오르네요
2659,20210831,거래량이 아쉽네
2660,20210831,당일 주요 이슈거리 정리
2662,20210901,올해 분기 per 
2663,20210901,망해라
2664,20210902,매일 전공시 업데이트
2665,20210902,국민연금공단 고려아연 지분  넘겨서 공시했내요
2666,20210903,거래량이 없으니
2667,20210903,회사는좋은데
2668,20210903,아 lg전 살걸 하
2669,20210903,거래량봐라
2670,20210903,부의 몰락 원화의 저주 공포의 LTD가 온다
2671,20210906,동전주로 전락ㅎㅎㅎ
2672,20210907,고려아연 호주 타운즈빌 항만과 협약그린수소 도입 본격화
2673,20210907,원을 빨리 넘겨야
2674,20210907,시간외거래 급등 종목 공유
2675,20210908,타파 봄
2676,20210908,아연 무슨일있어요
2677,20210908,거래량 좀 보소
2678,20210908,고려아연은 왜이리 외국인 매도세가 강하나요
2679,20210908,고려아연 산업사이클 이겼다조 클럽 예약
2680,20210908,최근 종목별 이슈거리 모음
2681,20210909,IR담당부서장 바꿔라
2682,20210910,드이어전기차매출증대로
2683,20210910,아연니켈값은 오르는데
2684,20210910,애플카 LG 관련 수혜주이 저평가 대표주
2685,20210910,고아 재무실장도 바꿔라
2686,20210910,만원 깨지면 들어올라고하는
2687,20210910,평단
2688,20210911,금일 증권사 목표가 정리
2689,20210913,ㅋㅋㅋ
2690,20210913,외인지분 너무 높다
2691,20210913,고려아연 홍보실장은 모하니
2692,20210913,주식 소수점 거래 검토
2693,20210913,오늘 호재
2695,20210913,외국인들 언제까지 빼기만할까요
2696,20210913,지금 동박주들 날라다니는데
2697,20210914,OOO진짜
2698,20210914,소꼽놀이
2699,20210914,당일 시장  정리
2700,20210915,년 장투 할 종목이네요 ㅋ
2701,20210916,고려아연가면
2702,20210916,이거 큰 시세날 놈일세
2703,20210916,담달까지 
2704,20210916,이젠 이
2705,20210916,OOO
2706,20210916,뭐하냐 ㅋ
2707,20210917,이런글 쓰면
2708,20210917,효성첨단소재의
2709,20210922,차미영집구석대우야니돈훔쳐간거마따이거뜰횡령펀드사기토커염탐맵핵해킹광고까지달래로또달란다
2710,20210923,미국의 조정이 되려 좋은 이유
2712,20210923,외인은 언제까지 팔건가
2713,20210924,너도 차전지 한다며ㅋㅋㅋ
2716,20210924,어라
2717,20210925,원 종가에 입성했슈 
2718,20210927,단기수렴중
2719,20210927,내눈엔 너무 좋아보인다
2720,20210928,고아 홍보실장은 열일하고 있지만
2721,20210928,아니 머하냐 대체
2722,20210928,동박 양극재 수소 다 하는데
2723,20210928,어거지로
2724,20210928,찌라시에 물렸네
2725,20210928,제발살려주세용살각입니다 
2726,20210929,개잡주로
2727,20210929,애미야 양전하는거 보고싶구나
2728,20210929,오늘 만원만 지켜도 잘한거
2729,20210930,차전지 동박 양극재등 호재는 많은데
2730,20210930,동전주냐
2731,20211001,혹시 외국인이 계속 파는 이유 아시는 분
2732,20211001,휴
2733,20211002,넌 뭔데 포코도 bps 못 넘는데
2734,20211002,솔브레인 폭등 임박
2737,20211005,매수타임 놓쳤네쩜
2740,20211006,ㅇ것도
2742,20211006,고려아연 최고
2743,20211006,분할좀하면 담아둘텐데 너무 무겁다
2744,20211007,오늘도 외인들 던질려나  던저라
2745,20211007,올해안에 만원 넘기
2749,20211007,원
2750,20211007,언제 매수해야하나
2751,20211007,장도에 올라선 출국선이 떠나는 형국이니
2752,20211007,월급쟁이와 가난뱅이가 부 되는 방법은 오로지  가지 뿐
2753,20211008,외인아ㅡ사주라
2754,20211008,차트가 설명 좀
2755,20211008,이라다 또 쳐박겠지
2756,20211008,매물 쌓아 놓은거 봐라ㅋ
2757,20211008,너 왜오르니
2758,20211008,호가창
2759,20211008,무슨발표라도
2761,20211008,이번주 개털렸는데
2762,20211008,시총 조는 지키
2763,20211008,이번에 전고점 한번 뚫어주세요
2764,20211008,부러버
2765,20211008,석탄 가격 상승만 놓고보면 아연 산업은 호재다
2766,20211009,공매도 증권거래세 면제 제외 청원입니다 
2767,20211010,글로벌 증시 하락엔 금이 최고죠
2768,20211010,만원은 간다 
2769,20211011,만그냥 넘는다  조정 한번 올것이다 담아라
2770,20211011,찬티들
2771,20211011, 주요 주간 증시 일정 
2772,20211012,프리포트 맥모란 
2774,20211012,증권방송에 전고체밧데리 동박 만든단다
2775,20211012,오늘말고
2776,20211012,저번주 주있는거 다 매도했는데 ㅜㅜ
2778,20211012,쭉 올라갈거같은데
2779,20211012,개나 소나 배터리사업은 가능
2780,20211012,에코프로비엠 포코케미칼이 조인데
2781,20211012,더 이상 매물이 없네
2782,20211012,지금 사도 될까요
2783,20211012,이제 밑으로 충
2784,20211012,중국 석탄 사태는 일시직이지 않아요
2785,20211012,초고
2786,20211012,중국 전력난 제련소 폐업중
2787,20211012,수익익절
2788,20211012,고아 매매법 알려준다
2789,20211012,쓸어담
2790,20211012,년간만원 넘은적이 없어용
2791,20211012,외인 던지는거 기관이 풀매수하네
2792,20211012,졸라파는데 안내려오네
2793,20211012,지난 월 이후로 추가 바뀌었으니
2795,20211012,항상 악재와 기회가 상존하는 패러독 연결고리
2796,20211012,이거 만원 이상감
2797,20211012,외인의 지속 매도가
2798,20211013,기사떳으니
2799,20211013,얼마에 팔아야할까
2800,20211013,사상최고가아연값폭등전기차
2801,20211013,환율상승
2802,20211013,개인들 털어내기
2803,20211013,효성첨단의 반에 반만 따라가라
2804,20211013,상가즈아
2805,20211013,번째 고점뚫기 시도중인데
2806,20211013,종가기준 역사적 신고가인 만원 돌파 가능
2807,20211013,외국인들 저항을 뚫으면 볼만 하겠네
2808,20211013,이 종목은 정말
2809,20211013,고려아연 만원 넘어갈것 같아
2810,20211013,시이후 아연값 폭등중
2811,20211013,전고점을 돌파할 때는 폭등이 나오는 법이니
2812,20211013,전고점
2813,20211013,평단 층 주주입니다 고려아연 만원도 싸다봅니다
2814,20211013,아연 선물 달러 돌파
2815,20211013,여기는 걱정이
2816,20211014,고려아연은 재료적인 면에서 너무 좋아요
2817,20211014,아연 폭등 금 상승 오늘 제대로가나
2818,20211014,푸하하
2819,20211014,국제 아연 가격 상승
2820,20211014,마지 매수 기회다 ㅋㅋ
2821,20211014,일단 손익실현다들 성투
2822,20211014,이제 오르기 시작하는 시점인듯
2823,20211014,차트가수급이 좋네
2824,20211014,이상태에서 장중에 또 아연 급등하면
2825,20211014,사업이 깡패임
2826,20211014,훅 오를 때마다
2827,20211014,신고가 나왔는데
2828,20211014,원재 아연 또 물물 주작의 조짐이보인다 ㅋㅋ
2829,20211014,외국인이 사기시작했다
2830,20211014,포코처럼 사명좀 세련되게 변경
2831,20211014,오늘은 갭으로 떠서 개인들 차익실현한듯
2832,20211014,만 지지가 관건
2833,20211014,낚여서 던진 흑두루미 업제
2834,20211014,오늘은 층 안착하고
2835,20211014,보합에
2837,20211014,아연 납 다시 상승 분위기인데 ㅋㅋ
2838,20211014,기다려 ㅋㅋ
2839,20211014,또 아연 시세 조작 시작햇다 ㅋㅋ
2840,20211014,아연 개급등중인데 고려아연 차익실현때문인가
2841,20211014,아연값 최대치
2842,20211014,외인기관 누르면서 개미들꺼 먹을라고 난리네 ㅋ
2843,20211014,아연 어제 오늘 이상 상승하는데 머하냐
2844,20211014,아연 어제  현재  급등인데 ㅋㅋㅋ
2845,20211014,아연 시세 조작중이라니까 ㅋㅋ
2846,20211014,원에다가 매물을 계속거네 ㅋㅋㅋㅋ
2847,20211014,퍼만 더
2848,20211014,캔들로보면 팔리 인가요
2849,20211014,이게 무슨 의미냐면 너희 다 나가기전까지 안쏜다는 뜻임
2850,20211014,내리찍는다했다
2851,20211014,빨리들 팔고 나가세요
2852,20211014,갭 뛰우고 전고까지 야금야금 다 팔아먹네
2853,20211014,겁나 누르네
2854,20211014,아연 현재  상승하고 어제도  상승
2855,20211014,내리찍는다했다 ㅋㅋ
2856,20211014,다왔네
2857,20211014,캔들이 그러하더라구요
2858,20211014,아연 세계위인데 
2859,20211014,공매도  시끼들
2860,20211014,종가 맞추기 놀이
2861,20211014,지금부터 시작이니
2862,20211014,뭐여 살려고했더니 
2864,20211014,요즘 거래랑 마음에 듬
2865,20211014,고려아연 아연가격 딱 오른만큼올랐구만 불평마셈
2866,20211014,점쟁이는  아닌데
2867,20211014,아연가격이
2868,20211014,속보
2869,20211015,든든하다
2870,20211015,오늘의 관전포인트는
2871,20211015,ㅊㅋㅊㅋ아연 또 급등했네
2872,20211015,에 동매수 걸어놨는데
2873,20211015,프로그램 변곡
2874,20211015,유진투 목표가상향 
2875,20211015,한일화핫
2877,20211015,아연배터리개발하는
2878,20211015,평단 원 주주는 행복합니다
2879,20211015,아연선물가 폭등중존버해라존버
2881,20211015,외국인이 돌아왔다
2882,20211015,내가 원재 아연에 세력 붙엇다햇지
2883,20211015,에서 놀넘이
2884,20211015,주식 어렵다
2885,20211015,배당 받을때까지 고고고
2886,20211015,아연값때문에
2887,20211015,아연 선물 가격 역사적 신고가 돌파
2888,20211015,아연 가격 실시간으로 어디서 볼수잇나요
2890,20211015,아연값  머선일이고
2891,20211015,대장주
2892,20211016,아연현  상승중
2893,20211016,아연값 폭등
2894,20211016, 고려아연 기업분석 유튜브 채널 추천
2895,20211016,아연가격 이제 그만 올라 나 무서워
2896,20211016,아연가격 상승 할수록 제련사 이익은 떨어집니다
2898,20211016,중국 전력난으로 아연생산 불가능
2899,20211016,아연괴 폭등이제 그만해이러다 우리
2900,20211017,좆일에
2901,20211017, 전일 미국 알루코
2902,20211017,고점이 어딘지
2903,20211017,고점뚫었네
2904,20211017,이번달이 기대되는 종목소개에 고려아연
2905,20211017,고려아연과 오징어 게임
2906,20211017,목표주가 만원으로 상향 조정
2907,20211017,목요일
2908,20211018,월요일 떡락 열차
2909,20211018,포코강판 현재 시총 억대 올해예상 이익 억 per도 안됨 ㅋㅋ
2910,20211018,어
2911,20211018,층에서 놀
2912,20211018,오늘  
2913,20211018,등락요동
2914,20211018,아나어떡해
2915,20211018,와우 거래량 봐요
2916,20211018,터는 모습 어지간히 터네 
2917,20211018,제발 그만해
2919,20211018,골드만 개노므시끼들
2920,20211018,차익실현들 하세요
2921,20211018,아연은 오늘도 오르네
2922,20211018,장투들 안하십니까
2923,20211018,광고밭이네
2924,20211018,평단가에서 만 매도한걸 후회되네요
2925,20211018,양매도네요
2926,20211018,여기 큰형님은 
2927,20211018,주당 만원 먹고 갑니다
2928,20211018,지수보다 쌘 종목중에 하나가 고려아연 아닌가
2929,20211018,아연아 사랑해
2930,20211018,오늘 아연 현물시세 아는 분
2931,20211018,지속적인
2932,20211019,국민연금 지분율변동 모냐
2933,20211019,차전지 섹터에 편입되어야되는거 아니냐
2934,20211019,아연값빠져도 갈놈인가보네
2935,20211019,외인컴백
2936,20211019,오 다시 가나요
2937,20211019,출장갓다는데
2938,20211019,기관외인
2939,20211019,주가가 너무 비싸다
2940,20211019, 오늘
2941,20211019,내말맞잖아 신용미수전재산몰빵 집산다 대장만잡아라 
2942,20211019,오버슈팅
2943,20211019,더 살걸
2944,20211019,오를땐  좋게말하고 내릴땐  천하의잡주처럼얘기하고
2945,20211019,드뎌 외국인 개월만에 들어왔네요
2946,20211019,미래에셋 아연 가격 상승과 배터리 사업 구체화로 주가 상승 이재광 해설영상  
2947,20211019,고려아연 차전지 소재부문 경력직 채용공고
2948,20211019,배당
2949,20211020,아연값 프로가까이 빠졌네ㅜㅜ
2950,20211020,아연 값 연일 폭락
2951,20211020,만이하매수
2952,20211020,이래서
2953,20211020,년 기둘려 결국  올랐는데 이게 뭐야
2954,20211020,정말 조가튼 한국시장
2955,20211020,아연 어제 나락간건 맞는데 근데 한국장은 너무하긴해
2956,20211020,skc등 전기차 소재주 돈버는거 보고오세요
2957,20211020,세일기간이구나
2958,20211020,보냐
2959,20211020,아직은 차전지 관련주로 안봐주나 보내
2960,20211020,마넌에 들어왔는데 왜 내리나요
2961,20211020,아연값 상승분
2962,20211020,내가 뭐랬냐
2963,20211020,아이러니 하게도
2964,20211020,이제 아연 끝난건가요 더 오르진 않을까요 초보라 진심어린
2965,20211020,아연값 다시 오르네요
2966,20211020,고려  아연
2967,20211020,아연 가격 상승중
2968,20211020,숫는 거짓말을 하지 않는다 시대 트렌드 연결고리
2969,20211020, 이
2970,20211021,원재 아연
2971,20211021,끝까지
2972,20211021,기관투님들
2973,20211021,아연 어제 오늘퍼 상승중
2974,20211021,영풍도 오르고
2975,20211021,너만
2976,20211022,아연값 폭락
2977,20211022,이러다
2978,20211022,또 올린다
2979,20211022,층 까지
2980,20211022,영풍때문에 못오르는주식
2981,20211023,주가하락
2982,20211024,아연가격  폭락
2983,20211024,일선에 언저리에서 보
2984,20211024,금요일 아연 은 상승세
2985,20211025,최고점이당
2986,20211025,아연값은 오르는데
2987,20211025,프로그램 매수세
2988,20211025,장기투로
2989,20211025,너무 비싸다
2990,20211025,번째 말한다
2994,20211026,기관도 터나 보네
2995,20211026,고려아연은 금에 대한 수혜도 충분히 볼 수 있는 종목이죠
2996,20211026,아직은 털때가 아니다
2997,20211026,공매도 폐지 국민청원 입니다
2998,20211026,기다려
2999,20211026,만원 
3000,20211027,거래양이 적은건 끝난건가요
3001,20211027,아 고려아연 만에 팔아서 후회했는데 ㅋㅋㅋㅋ
3003,20211027,조금만 더
3004,20211027,실적 좋을거고 배당 수익률 좋고 내년 신사업 공장 돌아가고 재료는 좋은데
3005,20211027,아연 힘내라
3006,20211027,내일이면 일선 만나네
3007,20211027,그리고 하나 더
3008,20211027,고려아연 실적 호조 기사
3009,20211027,산타랠리가 다가오고 있으니
3010,20211028,오늘 들어옴
3011,20211028,만
3012,20211028,이구간까지
3013,20211028,너무 떨어지네
3015,20211028,대한민국 
3016,20211028,싸게사려하지말고
3018,20211028,층 구조대 올까요
3019,20211028,이사람도 분석해서
3020,20211028,너무 빠지는데
3021,20211028,ㅇㅇ
3022,20211028,어닝쇼크네  가이던도 약해보이고
3023,20211028,물타기 금지
3024,20211028,모든지 추천하면 빠져야됨
3025,20211028,거의 폭락 수준인데
3026,20211028,년 월일 차트 보구와라
3027,20211028,쫌 심한데
3028,20211028,아연 값
3029,20211028,오늘들어왔는데 먼일
3031,20211028,좋은 종목이라고 생각합니다
3032,20211028,입벌리고 있어야 겠다 
3033,20211028,리포트 나오면 기계적으로 팔아제끼네
3034,20211028,슬슬 줍줍해야하나
3035,20211028,오늘 하락많이 해서 속 쓰리지만
3036,20211028,주  일
3037,20211028,단기 바닥에 왔을까
3038,20211028,이렇게까지 내릴 필요가 있었나
3039,20211029,가겠지 뭘 그리 전전긍긍  쫄아서 그러오
3040,20211029,담아보
3041,20211029,공매도 ㅅㆍㅣㅣ ㄱㄱ ㅣ ㄷㅡㄹ
3042,20211029,어제 담았는데
3043,20211029,진입
3044,20211029,판 만주 거래쩝
3045,20211029,다들 평단이 어찌되시는지요
3046,20211029,오늘 뭔일 있나요
3047,20211029,시외 하한가 ㅁㅌ
3048,20211029,안티아님 잘 판단하십시오
3050,20211029,시분에 나온 기사로 시외에 장난질하네
3051,20211029,세무조사 이야기는 시간전 나옴
3053,20211029,관계가
3054,20211029,세무조사 기사후 금대여공시
3055,20211029,의미없다
3056,20211029,오후시나온 기사인데 재탕했는데
3057,20211029,월요일이 두렵네요
3058,20211029,겁나 우낀게
3059,20211029,세무조사
3060,20211029,세무조사 영향력 
3061,20211029,세무조사건으로 경영권 싸움이나 해라 
3062,20211029,일선 빠지면 공매세력 배터지긋네
3063,20211029,내 촉이란
3064,20211029,고려아연은 니네들이 움직이는종목이아님
3065,20211029,고려아연 회사 켐코에 금전대여
3066,20211029,분기 실적
3067,20211029,신문기사
3069,20211029,대한항공처럼
3070,20211029,추측성 찬티글 쓰지마라
3071,20211029,다알고 떨군거네
3072,20211029,시간외 주거래ㅋㅋㅋ
3073,20211030,세무조사 사유떴어요
3074,20211031,대주주 리크
3075,20211030,월일 내부정보이용매매
3076,20211030,월첫째주 주간 추천주sk증권 고려아연
3077,20211030,떨어지면 더사야지
3078,20211030,야 이거   만원대에   거래했는디
3079,20211030,국세청
3080,20211031,대주주 주식이동 관련 세무조사 
3081,20211031,만원대에 팔걸 
3082,20211031,다시 진격을 시작하시게
3083,20211031,세무조사  관련해
3084,20211031,월의 시작은 퍼랭이로
3085,20211031,고려아연 법무팀만해도 
3086,20211031,월 연기금 지분늘린 딱 종목
3087,20211031,월 금융투 순매수 위
3088,20211031,월 보험 순매수 위
3089,20211031,월 투신 순매수 위
3090,20211031,월 연기금 순매수 위
3091,20211031,월 기관 순매수 위
3092,20211031,월 기관추천주
3093,20211101,아연이 장기보유는 별로인가요
3094,20211101,세무조사 결과 언제나오나요
3095,20211101,오늘 던진 호구 있냐
3096,20211101,이번주면   보겠군
3097,20211101,마넌 올듯
3098,20211101,월일에 미수동결 풀린다
3099,20211101,세무조사 수고연 ㅋㅋㅋㅋㅋㅋ
3100,20211101,월봉을 튼튼하게 지지하고 있으니
3102,20211102,이 좋은 장에 너무 떨어 지는데
3103,20211102,액면분할가
3104,20211102,매수 기회네요
3105,20211102,무슨일 있어요
3106,20211102,이좋은장에 시원하게 빠지네
3107,20211102,는 시간문제
3108,20211102,블랙카우들
3109,20211102,여기 외인 지분 왜이렇게 많이 줄었음
3110,20211102,뭔 세무조사를 빡시게 하길래
3111,20211102,최고다 진짜ㅋㅋ
3112,20211102, 고려아연 사업보고서 분석 채널 잔돈사냥꾼님
3113,20211102,경영을 발로하네
3114,20211102,개 채웠다 ㅎㅎ
3115,20211102,만 밑으로 가면 좀 담아봐야겠다
3116,20211102,만원대 기다립니다
3117,20211102,일단 주 보초세웠다
3118,20211102,세무조사가 발목을 잡네
3119,20211102,회사는 투 보호 차원에서 공시 정도는 못하나
3120,20211103,고려아연에서 대가리 깨져도
3122,20211102,잘나가는 기업
3123,20211102,국세청의 중수부 조사국이군
3124,20211102,너무올랐지 
3126,20211102,오늘같은 날에도 장대음봉 나오는 주식은
3127,20211102,만원부터
3128,20211102,장투 수준이 ㅋㅋㅋㅋㅋ
3129,20211102,손바뀜이 진행중이니
3130,20211102,이 회사 망했나요
3131,20211103,역시나다
3132,20211103,아연값 올라서 급등한거
3133,20211103,탈출합니다
3134,20211103,차전지 인플레이션 최고 수혜는 비철금속
3135,20211103,일단 저점 준비를 하
3136,20211103,년 월 일 수요일 시황 분석
3137,20211103,전저점을 잘 지지하고 있으니
3138,20211103,이거 보신 분들 있어요
3139,20211103, 만원 반드시 회복 
3140,20211104,와 내가 팔고 나니까 만원 넘길래 배 아팠는데 
3141,20211104,갈땐 금방 갈줄 알았는데
3142,20211104,무상증
3144,20211104,대고구려의 후신 고려아연 전우들은
3146,20211105,프로 기술적 반등이라도 있을 구간인데
3147,20211105,개잡주의 길로가냐
3148,20211105,은 깨질 듯
3149,20211105,관종도 아니고
3150,20211105,외국인 월에 들어온 단타물량 손절
3151,20211105,짜는 찍었으니 이제 올리지
3152,20211105,에서 슬슬 물타
3153,20211105,오늘 들어 왔네요
3154,20211105,대선주에서 기가히게 먹고와서
3155,20211105,진정 참고하라고 알려주면 
3156,20211106,숫는 거짓말을 하지 않는다라 패러다임 연결고리
3157,20211106,내년 내후년이면 만원 다시 오려나
3158,20211107,기관과 외국인들의 손바뀜 구간이니
3159,20211107,년 개미 이재명 주식투발전과 개인투보호를 위한 간담회
3160,20211107,우울하네
3161,20211108,고려아연 익절했지만
3162,20211108,월 일부터 쭉 내린다
3163,20211108,걸어 놨는데
3164,20211108,징글징글
3166,20211108,층
3167,20211108,빨간기둥은 언제쯤 볼수있을려나
3168,20211108,아우 띠발
3170,20211108,추세가 서서히 돌아가고 있으니
3171,20211108,딱 본다
3172,20211109,이햐 세일중이네 ㅋ
3173,20211109,아연 상승
3175,20211109,기가
3176,20211109,언제가 바닥일까
3177,20211109,양심이 있다면
3178,20211109,주당 만원 배당해라
3179,20211109,세무조사 추징액
3180,20211109,역쉬나
3182,20211109,현
3183,20211109,오랜만에 갑기 생각났다 도끼형
3184,20211109,물타게 낼은 오냐
3185,20211109,이제 진군이네
3186,20211110,오일선이다
3187,20211110,외국인들 겁나 쳐파네
3188,20211110,외인 기관 쌍매수 들어오기 전까지는 관망만 해야될듯
3189,20211110,고려아연에
3190,20211110,부아빠 오늘의 바닥주로 추천해서 샀는데
3191,20211110,안녕하세요 
3192,20211110,ㅎ 이젠 기다려서
3193,20211110,회사 세무조사에 완전 골로가네
3194,20211110,만원에 차매수 할겁니다
3195,20211110,계속 종가에 쳐내리네
3196,20211110,월일 갭 메우러 가야지
3197,20211110,다들 간보고 있네요
3198,20211110,상승 원점으로 복귀했으니
3199,20211110,내일 폭락하것다ㅡㅡ
3200,20211111,개미들이 대주주 되는거냐
3201,20211111,공매도를 허용한 것은 OOO을 허용한 것과 같다
3202,20211111,원래 고려아연은 인플레이션 수혜주인데
3204,20211111,이번 대선에 공매도 패지하겠다고 하면 무조건 찍는다
3205,20211111,아연아 오빠 보고있니
3206,20211111,왜또이러는데
3207,20211111,이제  원까지  열어둬야 하나
3208,20211111,만원 다시올까요
3209,20211111,언제고 오를 주식
3210,20211111,공매도 많지는 않지만
3211,20211111,내일부터 반등 예상
3212,20211111,공시
3213,20211111,고려아연 메타버 게임
3214,20211111,노랑머리 정찰병 보냄
3215,20211111,매수타임
3216,20211111,하락이 하락이 아니니
3217,20211111,연기금 언제까지 매도하나 보
3218,20211111,이런주식은 매일보는거 아니다
3219,20211112,만원대로 다시올라와줘
3220,20211112,기차 출발합니다
3221,20211112,사야겠다는 생각은 들었지만
3222,20211112,모든 원재 배 배씩 오르는데
3224,20211112,형님들 오늘 뜬거 뭐에요
3225,20211113,폭발사고 발생
3227,20211113,연기금도 단타
3228,20211113,동박 아연정력제 곧 약발 끝남
3229,20211113,카더라지 생산은 모하고 있다잖아 버블이지
3230,20211113,영업이익 조원 클럽 눈앞오늘 기사
3233,20211114,영풍 장씨가 손가락한번 튕기면
3234,20211114,만 고지를 향한 진격의 시작이네
3235,20211114,기존에없던 주식투 세금 생긴다
3236,20211115,참내
3237,20211115,판에 파란작대기 ㄷㄷㄷ
3238,20211115,언제 들어가면되나요
3240,20211115,순조로운 진군이네
3241,20211116,금값이 왜이래요
3242,20211116,만원대 사고싶다
3243,20211116,고려아연 단기 만원
3244,20211116,뭐 이런
3245,20211116,팔고갑니다
3246,20211116,하도 질리게 하니
3247,20211116,아연아 잘지내니
3248,20211116,아연 가격이  상승세로 돌아서야
3249,20211116,거래량 실종
3250,20211116,일격필살의 각오로
3251,20211117,기존에 없던 주식 세금 생긴다
3252,20211117, 다시 들어왔어요
3253,20211117,고배당
3254,20211117,휴 주 채웠네요
3255,20211117,배당먹으러왓다
3256,20211117,지수연동주식인가 
3257,20211117,개관을제거해야
3258,20211117,매동이 암울하네요
3259,20211117,기업실적은 좋은데
3260,20211117,내주식 고려장 시켰네
3261,20211117,바닥을 다지고 있는 것이니
3262,20211117,단타 수익 냈을때 그냥 빠질걸
3263,20211118,이재명이 교체되어 아웃되면
3264,20211118,어제 괜히 물탔어 ㅜ
3265,20211118,대통령 후보 마누라가 주가조작
3266,20211118,아쉽다 고려아연
3267,20211118,분기보고서 실수 발견함
3268,20211118, 종토방 특징
3270,20211118,잘 한다
3271,20211118,실적도 나쁘지 않고 금 은 생산비중이 높아 안전산 효과를 볼 수 있다고 생각
3272,20211118,인내력 바닥
3273,20211118,바닥이 잘 다져지고 있으니
3274,20211119,세력이 없구나
3275,20211119,단기
3276,20211119,단기 
3277,20211119,고려아연 에 익절하고
3278,20211119,모건이는
3279,20211119,진짜 연기금
3280,20211119, 춥다 
3281,20211119,주식 분할은 언제 
3282,20211119,기관 매입하는척
3283,20211119,다음 주는
3284,20211120,이재명이면 공매도해결
3285,20211120,동박사업
3286,20211121,이거 어직 못갑니다
3287,20211121,밀리지 않으면 가는 것이니
3288,20211121,중국이 석탄졸라게 때는거보니
3290,20211122,지수에 역행하는 주식은 역시 버려야하는거구나
3291,20211122, 간다 폭망하길 빈다
3293,20211122,손절합니다
3294,20211122,최소 에 팔걸ㅜㅜ
3295,20211122,아연아 정말 골고루 한다
3296,20211122,우리 아연이 
3297,20211122,최대 영업이익 회사의 주가가 이모양이라니
3298,20211122,만만 차분할매수 라인
3299,20211122,ㅅㅂ 개관새끼들
3300,20211122,아연가격 프로올랐는데 음봉이노
3301,20211122,바닥은 탄탄하니
3302,20211122,아연선물 보니까 프로 상승중
3304,20211123,이젠올라도 안믿음
3305,20211123,올라도
3306,20211123,느그들
3307,20211123,나는 제왕이라서
3308,20211123,오르면 뭐하냐
3309,20211123,퍼 정도는
3310,20211123,이놈이랑
3311,20211123,단타 전문사 들어왔다
3312,20211123,어제 처음으로 담은 신입입니다 잘부탁드립니다
3313,20211123,조정구간일때 씩담아라
3314,20211123,기차가 출발하려고 하니
3316,20211124,아연아 또왔다
3317,20211124,그만 빠져
3318,20211124,배당수익  진입
3319,20211124,ㅋㅋㅋ그럼그렇지
3320,20211124,만원 위로
3321,20211124,으아아 대곰탕이다
3322,20211124,ㅅㅁ
3323,20211124,세무조사 이유가 뭔지 아시는분
3324,20211124,아연 선물 상승
3325,20211124,칙칙폭폭
3326,20211125,환경부 영풍석포제련소에 과징금 억 부과
3327,20211125,연내
3328,20211125,에코프로비엠이 만드는 양극제와 고려아연이 만드는 황산니켈은 무슨차이가 있나요
3329,20211125,중국에 알미늄공장 폭발했다던데
3330,20211125,지금 즈음에는 가장 안전한 주식
3331,20211125,다음주 폭등한드아
3332,20211125,주가는 냅두고
3333,20211125,은하철도 
3334,20211126,제발
3335,20211126,마지 탈출기회로 보이네요 적당히 손절 후 갑니당 성투하세요
3337,20211126,란다 란다 우리아연이 란다
3338,20211126,주 당 만원 이상은
3340,20211126,상승 모맨텀 시작
3341,20211126,오늘은 일단
3342,20211126,이열ㅋㅋㅋㅋㅋㅋ
3343,20211126,배당신사업실적저평가
3344,20211126,주구장창
3345,20211126,일 때려박다니
3346,20211126,오늘  상승 
3348,20211126,최근
3349,20211126,오늘부터 시작이여
3350,20211126,속보 고려아연 신규 소식에 상승세 고려아연 주가  상승중
3351,20211126,만 가즈아
3352,20211126,어제 한소리 했더니
3353,20211126,마지까지 힘내서
3354,20211126,잘 가다가
3355,20211126,액면분할 안함
3356,20211126,시간외로
3357,20211126,단타맛집
3358,20211126,미수 주 성공
3359,20211128,희망은
3360,20211128,오미크론 증상가벼워
3361,20211128,금 시세가 오르면
3362,20211128,투
3363,20211128,기관이 순매수로 전략을 바꾼 것 같네
3364,20211128,고려아연이 오른 이유
3365,20211129,세무조사한단  글  보고
3366,20211129,대세는 진단주와소재주
3367,20211129,아이
3368,20211129,증권사 추천종목 선정됐네
3369,20211129,배당이나 두둑히
3372,20211130,아직도 이러고 노냐
3373,20211129,대고구려제국의 진격은 영원하여라
3374,20211130,액면분할 강력건의
3375,20211130,고려아연사장님
3376,20211130,오늘 입성했습니다
3377,20211130,아연아 안녕
3378,20211130,얼마전 만원일때가 생각나서 못팔겠다
3379,20211130,너들 봉게로 가심이 짠허다 짠혀
3380,20211130,곤두박질
3381,20211130,국민연금 고려아연 만주 순매도
3382,20211130,견고하다 고구려 성이여
3383,20211201,ㅈ박았네 시부래
3384,20211201,몇일전 어느 애널이ㅋㅋ
3385,20211201,아연도강판은
3386,20211201,고려아연은 안전산 아닌가요
3387,20211201,씨발
3388,20211201,외국인들 몇일간 공매도 전나 쳐놔서
3390,20211201,쓰레기
3391,20211201,개잡주 
3392,20211201,아 고려암연
3393,20211201,ㅈㄱㄷ
3396,20211201,양놈들아
3399,20211201,차전지 양극재의 전구체 Top Pick 고려아연
3400,20211201,중원을 제패하는 대고구려제국
3401,20211202,오늘도 누른다
3402,20211202,시장에서 관심이 없음
3403,20211202,중 바닥 아닌가요
3406,20211202,이놈 이거  이거
3408,20211202,죽겆다
3409,20211202,ㅅㅂ고만
3410,20211202,살리도
3411,20211202,기관님
3413,20211202,살려주소
3414,20211202,고맙소
3415,20211202,오미크론 변이로 코발트 가격 급등
3416,20211202,쓰레기 주식
3417,20211202,살 살 살
3418,20211202,언놈이
3419,20211202,갈 때가 된 것 같으니
3420,20211203,관리하네
3421,20211203,ㅜ살려주세요
3422,20211203,효첨의 똥이나 빨아먹어라
3425,20211203,소외
3427,20211203,왜 고려아연만
3428,20211203,고려 
3429,20211203,왕건
3430,20211203,그립네요 만원
3431,20211203,ㅜㅜ
3432,20211203,형님 기관 외국인 형님
3433,20211203,삼일 상승장에
3436,20211203,ㅈ
3437,20211203,복도 없다
3438,20211203,곧 날라갑니다
3441,20211203,상승 하락 조정 이제 횡보구간왔네ㅜ
3442,20211203,오늘 팔라듐 기타금속들
3443,20211208,조만간 상승
3445,20211205,와 중국 디폴트
3446,20211205,속보 CNN 오미크론 코로나가 아닌 감기 염기서열 확정 
3448,20211206,고려아연 좋은종목임은 맞음
3449,20211206,배당이나 받
3450,20211206,월 금 선물 거래량이
3451,20211206,만 본전 
3452,20211206,동아줄
3453,20211206,슬슬
3454,20211206,하한가갑니까
3455,20211206,고려좆연
3456,20211206,진군 진군이네
3457,20211207,외국계 창구 쏟아지네
3458,20211207,리포트 하향 
3460,20211207,씨발 고려좆연
3461,20211207,배당보고 매입
3462,20211207,여기 사람있나요
3463,20211207, 아래는
3464,20211207,맥 창구 언제까지 나오노
3466,20211208,돈이 급해 매도
3467,20211208,동전주 고아
3468,20211208,연말 배당금이 나으려나
3470,20211208,우리 좆연이 이제 갈거야
3471,20211208,창구 하나에서 천주로 틀어으니 반등도 제대로 못하고 
3472,20211208,고려좆연이 오늘도 질질 흐르죠잉
3473,20211208,전투 준비에 만전을 기하도록 하시게
3474,20211209,아연 값이 올라가는군
3476,20211209,지긋지긋한
3477,20211209,진짜 익절은 기대도 안하는데 
3478,20211209,이거 원래 재미는놈
3479,20211209,내일은 또 어떤 외국인창구가 팔아제낄까
3480,20211209,전해망간이랑 관련있는 주인가여
3481,20211209,대장주의 앞길을 지들 마시게
3482,20211210,오늘은 어느 외인기관이 던지나
3483,20211210,몇 달을
3484,20211210,내 포트 중 유일한 상승 종목
3485,20211210,갑기 프로그램매수 들어오네요
3486,20211211,금요일
3487,20211212,부지런히 부지런히 씨를 뿌려 두시게
3488,20211213,글렀네요
3489,20211213,오늘은 어떤 외인이 파나
3490,20211213,날아가기 전에
3491,20211214,좋은징조
3492,20211214,모건 매수전환 했음
3493,20211214,아 개미 씨네
3494,20211214,고배당 
3495,20211214,이거 엘화랑
3496,20211214,개미들
3497,20211214,허매도 물량
3500,20211215,누리호
3502,20211215,긴급 폭락합니다 헝다 파산합니다  피하세요 기사났네요 ㅡㅡ  httpimnewspickrljXzc
3503,20211215,단단한 방어와 강단있는 공격
3504,20211216,프매가
3505,20211216,금값 올르나
3506,20211216,와배당  말고는 먹을게 없네
3507,20211216,착착 전투 진용이 갖춰지고 있으니
3508,20211217,아연엄청오르네
3509,20211217,프매
3510,20211217,오늘 장대 양봉 갑시다
3511,20211217,오늘종가는
3512,20211217,본격적인 랠리가 시작된다
3513,20211217,배당이 입니까
3514,20211217,프매 움직임
3515,20211217,헐 아직 개 밖에 못담았는데
3517,20211217,무슨 이유로 가는 건진 몰라도
3518,20211217,아래
3519,20211217,프매가 팔아치운 거
3521,20211217,프매와 외국계회원의
3522,20211217,이노텍을 보고서
3523,20211217,차전지 새로운 주도종목으로 격이 충분하다
3525,20211220,이기는법
3526,20211220,모건 
3527,20211220,이제 그만
3528,20211220,배당금 받요 
3529,20211220,우어어
3530,20211220,공매비중 장난없네ㅡㅡ
3531,20211221,코피 폭락 가능성 하지만 절대 손절치면 안되는 이유
3532,20211221,헝다 파산 고려아연에 크게 영향줄까요
3533,20211221,공매밥이네
3534,20211221,우리아연이 밖에없다
3535,20211221,물적분할 반대 동참해 주세요
3536,20211222,법 개정으로 세무공무원의 사무소개업 시 전관예우를 누릴 수 있었던 마지 시험이었다고 합니다 청와대국민청원 진행중입니다
3538,20211222,요새 같은 장세에
3539,20211222,부지런히 부지런히 진격해 나가시게
3542,20211223,모건 매수여 매도여
3543,20211223,드뎌 시총 조 복귀
3544,20211223,단독 고려아연 호주 재생에너지 기업 이프론 인수
3545,20211223,내가 팔면
3546,20211223,파니까 가버리네 ㅠㅠ
3548,20211223,주식은 역시 외놈들이다 
3549,20211223,잘 먹고 갑니다 건승하십쇼
3550,20211223,이제부터 아닌가요
3551,20211223,절대 안팔지
3552,20211223,종가
3553,20211223,프로그램이 조지낫네요
3554,20211223,여기도 고점 인가보다
3555,20211223,이거 호재 맞지요
3557,20211224,벌써 끝났니 
3558,20211224,누가 파는겨
3559,20211224,진짜 개노답 고려좆연이네
3560,20211224,똑똑
3561,20211224,갈놈은 간다
3562,20211225,단기적으로 아연 가격은 오르겠내요 기사 올림
3563,20211225,전망을 여쭙습니다
3564,20211226,월봉을보니
3565,20211228,배당줘
3566,20211228,버팁시다
3568,20211228,이놈은 진짜 무겁네 ㅇㅇ
3569,20211228,재수 좋은 놈들
3570,20211229,피식  잘 살고 있습니까
3571,20211229,고려아연 담당님
3572,20211229,유증  가즈아
3573,20211229,주식을 고려하려면 아연이죠 ㅋ
3574,20211229,배당락은 반영된건가요
3575,20211229,액분  무상증 거래량 증가
3576,20211230,어제까지가지고있으면
3577,20211230,안철수 대선후보 올세무사시험 부정의혹 감사원에 공익감사 청구서 제출했습니다
3578,20211230,마지은 웃으며
3579,20211230,공매도 땀시 힘들겄네
3582,20211231,느그미
3583,20211231,고려아연 끝났나요
